Recording timestamp,Event,Sensor,Gaze point X,Gaze point Y,Validity left,Validity right,Eye movement type,Mouse position X,Mouse position Y,Event,Event value
1671844124.663973,MouseEvent,,58.0,986.3333333333334,,,Fixation,,,MouseEvent,"Down, Left"
1671844124.663973,,Mouse,60.0,987.6666666666666,,,Fixation,32.0,998.0,,
1671844124.674813,,Eye Tracker,62.0,989.0,Valid,Valid,Fixation,,,,
1671844124.691468,,Eye Tracker,64.0,990.0,Valid,Valid,Fixation,,,,
1671844124.708123,,Eye Tracker,63.0,991.0,Valid,Valid,Fixation,,,,
1671844124.724778,,Eye Tracker,60.0,988.0,Valid,Valid,Fixation,,,,
1671844124.741433,,Eye Tracker,60.0,983.0,Valid,Valid,Fixation,,,,
1671844124.758088,,Eye Tracker,59.0,984.0,Valid,Valid,Fixation,,,,
1671844124.774742,,Eye Tracker,62.0,989.0,Valid,Valid,Fixation,,,,
1671844124.791397,,Eye Tracker,68.0,991.0,Valid,Valid,Fixation,,,,
1671844124.808052,,Eye Tracker,71.0,986.0,Valid,Valid,Fixation,,,,
1671844124.824706,,Eye Tracker,74.0,987.0,Valid,Valid,Fixation,,,,
1671844124.824834,,Mouse,71.0,987.0,,,Fixation,33.0,998.0,,
1671844124.841361,,Eye Tracker,68.0,987.0,Valid,Valid,Fixation,,,,
1671844124.844602,,Mouse,67.0,987.0,,,Fixation,36.0,998.0,,
1671844124.855938,,Mouse,66.0,987.0,,,Fixation,39.0,998.0,,
1671844124.858016,,Eye Tracker,65.0,987.0,Valid,Valid,Fixation,,,,
1671844124.874627,,Mouse,67.5,990.0,,,Fixation,42.0,998.0,,
1671844124.87467,,Eye Tracker,70.0,993.0,Valid,Valid,Fixation,,,,
1671844124.891325,,Eye Tracker,70.0,995.0,Valid,Valid,Fixation,,,,
1671844124.895636,,Mouse,69.0,995.5,,,Fixation,44.0,998.0,,
1671844124.90798,,Eye Tracker,68.0,996.0,Valid,Valid,Fixation,,,,
1671844124.914706,,Mouse,71.0,995.0,,,Fixation,46.0,998.0,,
1671844124.924634,,Eye Tracker,74.0,994.0,Valid,Valid,Fixation,,,,
1671844124.92473,,Mouse,76.5,993.5,,,Fixation,47.0,998.0,,
1671844124.941289,,Eye Tracker,79.0,993.0,Valid,Valid,Fixation,,,,
1671844124.945592,,Mouse,79.5,991.0,,,Fixation,54.0,999.0,,
1671844124.957944,,Eye Tracker,80.0,989.0,Valid,Valid,Fixation,,,,
1671844124.964621,,Mouse,80.5,985.0,,,Fixation,60.0,1000.0,,
1671844124.974598,,Eye Tracker,81.0,981.0,Valid,Valid,Fixation,,,,
1671844124.974624,,Mouse,81.66666666666667,980.3333333333334,,,Fixation,64.0,1002.0,,
1671844124.985695,,Mouse,82.33333333333333,979.6666666666666,,,Fixation,68.0,1003.0,,
1671844124.991253,,Eye Tracker,83.0,979.0,Valid,Valid,Fixation,,,,
1671844125.005591,,Mouse,81.5,976.0,,,Fixation,79.0,1006.0,,
1671844125.007908,,Eye Tracker,80.0,973.0,Valid,Valid,Fixation,,,,
1671844125.015755,,Mouse,171.5,969.0,,,Fixation,85.0,1008.0,,
1671844125.024563,,Eye Tracker,263.0,965.0,Valid,Valid,Saccade,,,,
1671844125.026611,,Mouse,265.6666666666667,967.0,,,Saccade,92.0,1011.0,,
1671844125.036643,,Mouse,268.3333333333333,969.0,,,Fixation,101.0,1014.0,,
1671844125.041218,,Eye Tracker,271.0,971.0,Valid,Valid,Fixation,,,,
1671844125.055588,,Mouse,271.5,971.0,,,Fixation,115.0,1016.0,,
1671844125.057873,,Eye Tracker,272.0,971.0,Valid,Valid,Fixation,,,,
1671844125.06658,,Mouse,272.0,973.0,,,Fixation,123.0,1018.0,,
1671844125.074528,,Eye Tracker,272.0,975.0,Valid,Valid,Fixation,,,,
1671844125.076641,,Mouse,273.5,977.5,,,Fixation,129.0,1018.0,,
1671844125.091182,,Eye Tracker,275.0,980.0,Valid,Valid,Fixation,,,,
1671844125.095629,,Mouse,275.0,980.0,,,Fixation,142.0,1020.0,,
1671844125.107837,,Eye Tracker,275.0,980.0,Valid,Valid,Fixation,,,,
1671844125.116657,,Mouse,274.0,979.5,,,Fixation,156.0,1020.0,,
1671844125.124492,,Eye Tracker,273.0,979.0,Valid,Valid,Fixation,,,,
1671844125.135637,,Mouse,273.0,979.0,,,Fixation,164.0,1022.0,,
1671844125.141146,,Eye Tracker,273.0,979.0,Valid,Valid,Fixation,,,,
1671844125.156681,,Mouse,273.0,978.5,,,Fixation,176.0,1022.0,,
1671844125.157801,,Eye Tracker,273.0,978.0,Valid,Valid,Fixation,,,,
1671844125.174456,,Eye Tracker,275.0,975.0,Valid,Valid,Fixation,,,,
1671844125.175582,,Mouse,275.3333333333333,974.6666666666666,,,Fixation,195.0,1022.0,,
1671844125.185701,,Mouse,275.6666666666667,974.3333333333334,,,Fixation,210.0,1022.0,,
1671844125.19111,,Eye Tracker,276.0,974.0,Valid,Valid,Fixation,,,,
1671844125.196577,,Mouse,276.6666666666667,974.3333333333334,,,Fixation,225.0,1022.0,,
1671844125.206593,,Mouse,277.3333333333333,974.6666666666666,,,Fixation,240.0,1022.0,,
1671844125.207765,,Eye Tracker,278.0,975.0,Valid,Valid,Fixation,,,,
1671844125.22442,,Eye Tracker,277.0,976.0,Valid,Valid,Fixation,,,,
1671844125.225576,,Mouse,277.6666666666667,975.0,,,Fixation,269.0,1022.0,,
1671844125.236582,,Mouse,278.3333333333333,974.0,,,Fixation,284.0,1022.0,,
1671844125.241074,,Eye Tracker,279.0,973.0,Valid,Valid,Fixation,,,,
1671844125.255579,,Mouse,277.5,971.5,,,Fixation,313.0,1022.0,,
1671844125.257729,,Eye Tracker,276.0,970.0,Valid,Valid,Fixation,,,,
1671844125.274384,,Eye Tracker,276.0,972.0,Valid,Valid,Fixation,,,,
1671844125.275601,,Mouse,278.0,972.6666666666666,,,Fixation,336.0,1022.0,,
1671844125.286903,,Mouse,280.0,973.3333333333334,,,Fixation,341.0,1022.0,,
1671844125.291039,,Eye Tracker,282.0,974.0,Valid,Valid,Fixation,,,,
1671844125.305787,,Mouse,280.5,976.0,,,Fixation,347.0,1022.0,,
1671844125.307693,,Eye Tracker,279.0,978.0,Valid,Valid,Fixation,,,,
1671844125.324348,,Eye Tracker,283.0,980.0,Valid,Valid,Fixation,,,,
1671844125.326616,,Mouse,283.0,978.0,,,Fixation,351.0,1022.0,,
1671844125.336628,,Mouse,283.0,976.0,,,Fixation,353.0,1022.0,,
1671844125.341003,,Eye Tracker,283.0,974.0,Valid,Valid,Fixation,,,,
1671844125.356582,,Mouse,293.0,975.5,,,Fixation,358.0,1022.0,,
1671844125.357658,,Eye Tracker,303.0,977.0,Valid,Valid,Fixation,,,,
1671844125.367591,,Mouse,308.5,977.0,,,Fixation,361.0,1022.0,,
1671844125.374312,,Eye Tracker,314.0,977.0,Valid,Valid,Fixation,,,,
1671844125.386578,,Mouse,408.5,961.5,,,Saccade,367.0,1022.0,,
1671844125.390967,,Eye Tracker,503.0,946.0,Valid,Valid,Saccade,,,,
1671844125.407584,,Mouse,507.5,946.5,,,Fixation,373.0,1022.0,,
1671844125.407621,,Eye Tracker,512.0,947.0,Valid,Valid,Fixation,,,,
1671844125.424276,,Eye Tracker,515.0,948.0,Valid,Valid,Fixation,,,,
1671844125.42657,,Mouse,514.0,952.0,,,Fixation,383.0,1021.0,,
1671844125.440931,,Eye Tracker,513.0,956.0,Valid,Valid,Fixation,,,,
1671844125.446612,,Mouse,512.5,956.5,,,Fixation,391.0,1020.0,,
1671844125.457585,,Eye Tracker,512.0,957.0,Valid,Valid,Fixation,,,,
1671844125.457638,,Mouse,513.5,954.5,,,Fixation,393.0,1019.0,,
1671844125.47424,,Eye Tracker,515.0,952.0,Valid,Valid,Fixation,,,,
1671844125.476604,,Mouse,515.3333333333334,953.6666666666666,,,Fixation,397.0,1018.0,,
1671844125.486634,,Mouse,515.6666666666666,955.3333333333334,,,Fixation,399.0,1018.0,,
1671844125.490895,,Eye Tracker,516.0,957.0,Valid,Valid,Fixation,,,,
1671844125.497628,,Mouse,515.5,960.0,,,Fixation,402.0,1018.0,,
1671844125.507549,,Eye Tracker,515.0,963.0,Valid,Valid,Fixation,,,,
1671844125.507718,,Mouse,514.0,959.5,,,Fixation,406.0,1017.0,,
1671844125.524204,,Eye Tracker,513.0,956.0,Valid,Valid,Fixation,,,,
1671844125.52758,,Mouse,512.6666666666666,952.0,,,Fixation,412.0,1014.0,,
1671844125.538603,,Mouse,512.3333333333334,948.0,,,Fixation,413.0,1014.0,,
1671844125.540859,,Eye Tracker,512.0,944.0,Valid,Valid,Fixation,,,,
1671844125.548643,,Mouse,512.0,943.5,,,Fixation,415.0,1013.0,,
1671844125.557514,,Eye Tracker,512.0,943.0,Valid,Valid,Fixation,,,,
1671844125.567577,,Mouse,512.0,945.5,,,Fixation,417.0,1012.0,,
1671844125.574168,,Eye Tracker,512.0,948.0,Valid,Valid,Fixation,,,,
1671844125.578721,,Mouse,512.0,947.5,,,Fixation,420.0,1012.0,,
1671844125.590823,,Eye Tracker,512.0,947.0,Valid,Valid,Fixation,,,,
1671844125.597578,,Mouse,512.5,947.0,,,Fixation,424.0,1011.0,,
1671844125.607478,,Eye Tracker,513.0,947.0,Valid,Valid,Fixation,,,,
1671844125.607599,,Mouse,514.3333333333334,947.0,,,Fixation,427.0,1009.0,,
1671844125.617898,,Mouse,515.6666666666666,947.0,,,Fixation,431.0,1008.0,,
1671844125.624132,,Eye Tracker,517.0,947.0,Valid,Valid,Fixation,,,,
1671844125.628632,,Mouse,515.5,948.0,,,Fixation,434.0,1007.0,,
1671844125.640787,,Eye Tracker,514.0,949.0,Valid,Valid,Fixation,,,,
1671844125.647869,,Mouse,513.0,951.5,,,Fixation,442.0,1005.0,,
1671844125.657442,,Eye Tracker,512.0,954.0,Valid,Valid,Fixation,,,,
1671844125.668589,,Mouse,511.0,956.5,,,Fixation,455.0,1001.0,,
1671844125.674096,,Eye Tracker,510.0,959.0,Valid,Valid,Fixation,,,,
1671844125.687636,,Mouse,510.5,961.5,,,Fixation,471.0,997.0,,
1671844125.690751,,Eye Tracker,511.0,964.0,Valid,Valid,Fixation,,,,
1671844125.707406,,Eye Tracker,512.0,963.0,Valid,Valid,Fixation,,,,
1671844125.708622,,Mouse,512.3333333333334,961.0,,,Fixation,490.0,989.0,,
1671844125.718803,,Mouse,512.6666666666666,959.0,,,Fixation,498.0,987.0,,
1671844125.72406,,Eye Tracker,513.0,957.0,Valid,Valid,Fixation,,,,
1671844125.737595,,Mouse,512.5,953.5,,,Fixation,513.0,983.0,,
1671844125.740715,,Eye Tracker,512.0,950.0,Valid,Valid,Fixation,,,,
1671844125.748699,,Mouse,511.0,948.0,,,Fixation,520.0,980.0,,
1671844125.75737,,Eye Tracker,510.0,946.0,Valid,Valid,Fixation,,,,
1671844125.767582,,Mouse,513.5,947.5,,,Fixation,527.0,977.0,,
1671844125.774024,,Eye Tracker,517.0,949.0,Valid,Valid,Fixation,,,,
1671844125.777879,,Mouse,520.5,952.0,,,Fixation,530.0,976.0,,
1671844125.790679,,Eye Tracker,524.0,955.0,Valid,Valid,Fixation,,,,
1671844125.798612,,Mouse,521.5,957.0,,,Fixation,532.0,975.0,,
1671844125.807334,,Eye Tracker,519.0,959.0,Valid,Valid,Fixation,,,,
1671844125.817711,,Mouse,517.5,959.5,,,Fixation,533.0,975.0,,
1671844125.823989,,Eye Tracker,516.0,960.0,Valid,Valid,Fixation,,,,
1671844125.840643,,Eye Tracker,514.0,955.0,Valid,Valid,Fixation,,,,
1671844125.857298,,Eye Tracker,511.0,954.0,Valid,Valid,Fixation,,,,
1671844125.858578,,Mouse,513.5,955.5,,,Fixation,533.0,974.0,,
1671844125.873953,,Eye Tracker,516.0,957.0,Valid,Valid,Fixation,,,,
1671844125.879868,,Mouse,534.0,950.5,,,Fixation,533.0,974.0,,
1671844125.890607,,Eye Tracker,552.0,944.0,Valid,Valid,Saccade,,,,
1671844125.898801,,Mouse,561.0,937.0,,,Saccade,533.0,971.0,,
1671844125.907262,,Eye Tracker,570.0,930.0,Valid,Valid,Fixation,,,,
1671844125.908884,,Mouse,566.3333333333334,927.6666666666666,,,Fixation,535.0,969.0,,
1671844125.919649,,Mouse,562.6666666666666,925.3333333333334,,,Fixation,536.0,968.0,,
1671844125.923917,,Eye Tracker,559.0,923.0,Valid,Valid,Fixation,,,,
1671844125.938598,,Mouse,556.5,920.5,,,Fixation,538.0,965.0,,
1671844125.940571,,Eye Tracker,554.0,918.0,Valid,Valid,Fixation,,,,
1671844125.948877,,Mouse,553.0,917.5,,,Fixation,538.0,965.0,,
1671844125.957225,,Eye Tracker,552.0,917.0,Valid,Valid,Fixation,,,,
1671844125.969662,,Mouse,554.5,920.0,,,Fixation,539.0,963.0,,
1671844125.97388,,Eye Tracker,557.0,923.0,Valid,Valid,Fixation,,,,
1671844125.988607,,Mouse,560.0,923.5,,,Fixation,540.0,961.0,,
1671844125.990534,,Eye Tracker,563.0,924.0,Valid,Valid,Fixation,,,,
1671844126.00719,,Eye Tracker,560.0,923.0,Valid,Valid,Fixation,,,,
1671844126.009665,,Mouse,558.0,923.3333333333334,,,Fixation,540.0,959.0,,
1671844126.019666,,Mouse,556.0,923.6666666666666,,,Fixation,541.0,957.0,,
1671844126.023845,,Eye Tracker,554.0,924.0,Valid,Valid,Fixation,,,,
1671844126.039699,,Mouse,557.0,925.0,,,Fixation,543.0,951.0,,
1671844126.040499,,Eye Tracker,560.0,926.0,Valid,Valid,Fixation,,,,
1671844126.050562,,Mouse,559.5,925.0,,,Fixation,545.0,946.0,,
1671844126.057154,,Eye Tracker,559.0,924.0,Valid,Valid,Fixation,,,,
1671844126.060562,,Mouse,557.0,922.5,,,Fixation,547.0,941.0,,
1671844126.073809,,Eye Tracker,555.0,921.0,Valid,Valid,Fixation,,,,
1671844126.079614,,Mouse,557.5,919.0,,,Fixation,549.0,932.0,,
1671844126.090464,,Eye Tracker,560.0,917.0,Valid,Valid,Fixation,,,,
1671844126.090588,,Mouse,561.0,915.6666666666666,,,Fixation,549.0,927.0,,
1671844126.100864,,Mouse,562.0,914.3333333333334,,,Fixation,552.0,922.0,,
1671844126.107118,,Eye Tracker,563.0,913.0,Valid,Valid,Fixation,,,,
1671844126.11964,,Mouse,565.0,914.5,,,Fixation,553.0,915.0,,
1671844126.123773,,Eye Tracker,567.0,916.0,Valid,Valid,Fixation,,,,
1671844126.140428,,Eye Tracker,563.0,918.0,Valid,Valid,Fixation,,,,
1671844126.140605,,Mouse,560.0,915.5,,,Fixation,555.0,908.0,,
1671844126.157082,,Eye Tracker,557.0,913.0,Valid,Valid,Fixation,,,,
1671844126.159608,,Mouse,558.6666666666666,913.0,,,Fixation,555.0,903.0,,
1671844126.169738,,Mouse,560.3333333333334,913.0,,,Fixation,555.0,897.0,,
1671844126.173737,,Eye Tracker,562.0,913.0,Valid,Valid,Fixation,,,,
1671844126.180688,,Mouse,563.5,913.0,,,Fixation,556.0,893.0,,
1671844126.190392,,Eye Tracker,565.0,913.0,Valid,Valid,Fixation,,,,
1671844126.199628,,Mouse,563.0,913.0,,,Fixation,557.0,884.0,,
1671844126.207046,,Eye Tracker,561.0,913.0,Valid,Valid,Fixation,,,,
1671844126.20971,,Mouse,560.0,909.6666666666666,,,Fixation,558.0,880.0,,
1671844126.220649,,Mouse,559.0,906.3333333333334,,,Fixation,559.0,875.0,,
1671844126.223701,,Eye Tracker,558.0,903.0,Valid,Valid,Fixation,,,,
1671844126.230856,,Mouse,556.0,896.5,,,Fixation,559.0,868.0,,
1671844126.240356,,Eye Tracker,554.0,890.0,Valid,Valid,Fixation,,,,
1671844126.249624,,Mouse,547.5,813.5,,,Saccade,562.0,854.0,,
1671844126.257009,,Eye Tracker,541.0,737.0,Valid,Valid,Saccade,,,,
1671844126.26058,,Mouse,542.3333333333334,736.6666666666666,,,Saccade,563.0,845.0,,
1671844126.270619,,Mouse,543.6666666666666,736.3333333333334,,,Fixation,564.0,840.0,,
1671844126.273664,,Eye Tracker,545.0,736.0,Valid,Valid,Fixation,,,,
1671844126.289572,,Mouse,546.5,730.5,,,Fixation,565.0,828.0,,
1671844126.290319,,Eye Tracker,548.0,725.0,Valid,Valid,Fixation,,,,
1671844126.299689,,Mouse,550.5,724.0,,,Fixation,566.0,823.0,,
1671844126.306973,,Eye Tracker,553.0,723.0,Valid,Valid,Fixation,,,,
1671844126.310584,,Mouse,552.5,722.5,,,Fixation,566.0,820.0,,
1671844126.323629,,Eye Tracker,552.0,722.0,Valid,Valid,Fixation,,,,
1671844126.329584,,Mouse,550.3333333333334,721.6666666666666,,,Fixation,566.0,814.0,,
1671844126.339867,,Mouse,548.6666666666666,721.3333333333334,,,Fixation,566.0,811.0,,
1671844126.340284,,Eye Tracker,547.0,721.0,Valid,Valid,Fixation,,,,
1671844126.350647,,Mouse,548.0,722.5,,,Fixation,566.0,810.0,,
1671844126.356939,,Eye Tracker,549.0,724.0,Valid,Valid,Fixation,,,,
1671844126.370546,,Mouse,549.0,723.0,,,Fixation,566.0,805.0,,
1671844126.373593,,Eye Tracker,549.0,722.0,Valid,Valid,Fixation,,,,
1671844126.380577,,Mouse,549.0,721.0,,,Fixation,566.0,803.0,,
1671844126.390248,,Eye Tracker,549.0,720.0,Valid,Valid,Fixation,,,,
1671844126.391579,,Mouse,550.0,718.6666666666666,,,Fixation,566.0,799.0,,
1671844126.401712,,Mouse,551.0,717.3333333333334,,,Fixation,566.0,796.0,,
1671844126.406903,,Eye Tracker,552.0,716.0,Valid,Valid,Fixation,,,,
1671844126.42064,,Mouse,551.0,715.0,,,Fixation,565.0,788.0,,
1671844126.423557,,Eye Tracker,550.0,714.0,Valid,Valid,Fixation,,,,
1671844126.431648,,Mouse,545.0,717.5,,,Fixation,564.0,784.0,,
1671844126.440212,,Eye Tracker,540.0,721.0,Valid,Valid,Fixation,,,,
1671844126.441724,,Mouse,540.5,706.0,,,Fixation,564.0,778.0,,
1671844126.456867,,Eye Tracker,541.0,691.0,Valid,Valid,Saccade,,,,
1671844126.460624,,Mouse,544.5,671.0,,,Saccade,564.0,769.0,,
1671844126.473521,,Eye Tracker,548.0,651.0,Valid,Valid,Saccade,,,,
1671844126.481566,,Mouse,546.0,646.5,,,Saccade,564.0,754.0,,
1671844126.490175,,Eye Tracker,544.0,642.0,Valid,Valid,Fixation,,,,
1671844126.500613,,Mouse,545.0,639.5,,,Fixation,563.0,739.0,,
1671844126.50683,,Eye Tracker,546.0,637.0,Valid,Valid,Fixation,,,,
1671844126.510691,,Mouse,546.0,635.3333333333334,,,Fixation,562.0,731.0,,
1671844126.521572,,Mouse,546.0,633.6666666666666,,,Fixation,562.0,724.0,,
1671844126.523484,,Eye Tracker,546.0,632.0,Valid,Valid,Fixation,,,,
1671844126.54014,,Eye Tracker,544.0,634.0,Valid,Valid,Fixation,,,,
1671844126.541621,,Mouse,545.0,634.5,,,Fixation,559.0,711.0,,
1671844126.556794,,Eye Tracker,546.0,635.0,Valid,Valid,Fixation,,,,
1671844126.562767,,Mouse,544.5,637.0,,,Fixation,558.0,697.0,,
1671844126.573448,,Eye Tracker,543.0,639.0,Valid,Valid,Fixation,,,,
1671844126.581564,,Mouse,542.5,640.5,,,Fixation,555.0,686.0,,
1671844126.590103,,Eye Tracker,542.0,642.0,Valid,Valid,Fixation,,,,
1671844126.591575,,Mouse,543.3333333333334,639.3333333333334,,,Fixation,555.0,679.0,,
1671844126.602706,,Mouse,544.6666666666666,636.6666666666666,,,Fixation,554.0,671.0,,
1671844126.606758,,Eye Tracker,546.0,634.0,Valid,Valid,Fixation,,,,
1671844126.621577,,Mouse,547.5,633.5,,,Fixation,551.0,658.0,,
1671844126.623413,,Eye Tracker,549.0,633.0,Valid,Valid,Fixation,,,,
1671844126.631691,,Mouse,549.5,635.5,,,Fixation,551.0,654.0,,
1671844126.640067,,Eye Tracker,550.0,638.0,Valid,Valid,Fixation,,,,
1671844126.641694,,Mouse,549.3333333333334,637.6666666666666,,,Fixation,550.0,646.0,,
1671844126.65257,,Mouse,548.6666666666666,637.3333333333334,,,Fixation,549.0,638.0,,
1671844126.656723,,Eye Tracker,548.0,637.0,Valid,Valid,Fixation,,,,
1671844126.671893,,Mouse,546.0,636.0,,,Fixation,545.0,624.0,,
1671844126.673378,,Eye Tracker,544.0,635.0,Valid,Valid,Fixation,,,,
1671844126.690032,,Eye Tracker,540.0,635.0,Valid,Valid,Fixation,,,,
1671844126.692785,,Mouse,539.0,634.5,,,Fixation,541.0,615.0,,
1671844126.706687,,Eye Tracker,538.0,634.0,Valid,Valid,Fixation,,,,
1671844126.711647,,Mouse,538.5,634.5,,,Fixation,540.0,611.0,,
1671844126.723342,,Eye Tracker,539.0,635.0,Valid,Valid,Fixation,,,,
1671844126.739996,,Eye Tracker,546.0,630.0,Valid,Valid,Fixation,,,,
1671844126.742612,,Mouse,546.0,630.5,,,Fixation,539.0,610.0,,
1671844126.75665,,Eye Tracker,546.0,631.0,Valid,Valid,Fixation,,,,
1671844126.761851,,Mouse,544.6666666666666,631.0,,,Fixation,536.0,605.0,,
1671844126.772866,,Mouse,543.3333333333334,631.0,,,Fixation,535.0,604.0,,
1671844126.773305,,Eye Tracker,542.0,631.0,Valid,Valid,Fixation,,,,
1671844126.789959,,Eye Tracker,540.0,631.0,Valid,Valid,Fixation,,,,
1671844126.791619,,Mouse,539.3333333333334,632.3333333333334,,,Fixation,526.0,596.0,,
1671844126.80162,,Mouse,538.6666666666666,633.6666666666666,,,Fixation,521.0,593.0,,
1671844126.806614,,Eye Tracker,538.0,635.0,Valid,Valid,Fixation,,,,
1671844126.811636,,Mouse,536.6666666666666,634.0,,,Fixation,516.0,590.0,,
1671844126.822556,,Mouse,535.3333333333334,633.0,,,Fixation,513.0,589.0,,
1671844126.823269,,Eye Tracker,534.0,632.0,Valid,Valid,Fixation,,,,
1671844126.839923,,Eye Tracker,533.0,630.0,Valid,Valid,Fixation,,,,
1671844126.841619,,Mouse,514.5,622.0,,,Fixation,510.0,587.0,,
1671844126.856578,,Eye Tracker,496.0,614.0,Valid,Valid,Saccade,,,,
1671844126.862611,,Mouse,480.0,607.3333333333334,,,Saccade,507.0,587.0,,
1671844126.872614,,Mouse,464.0,600.6666666666666,,,Saccade,505.0,587.0,,
1671844126.873233,,Eye Tracker,448.0,594.0,Valid,Valid,Saccade,,,,
1671844126.882634,,Mouse,438.0,589.5,,,Fixation,502.0,587.0,,
1671844126.889888,,Eye Tracker,428.0,585.0,Valid,Valid,Fixation,,,,
1671844126.892634,,Mouse,426.3333333333333,585.3333333333334,,,Fixation,497.0,587.0,,
1671844126.903891,,Mouse,424.6666666666667,585.6666666666666,,,Fixation,492.0,587.0,,
1671844126.906542,,Eye Tracker,423.0,586.0,Valid,Valid,Fixation,,,,
1671844126.922583,,Mouse,421.5,585.5,,,Fixation,484.0,587.0,,
1671844126.923197,,Eye Tracker,420.0,585.0,Valid,Valid,Fixation,,,,
1671844126.932858,,Mouse,420.5,584.5,,,Fixation,482.0,587.0,,
1671844126.939852,,Eye Tracker,421.0,584.0,Valid,Valid,Fixation,,,,
1671844126.943629,,Mouse,420.5,584.5,,,Fixation,479.0,587.0,,
1671844126.956506,,Eye Tracker,420.0,585.0,Valid,Valid,Fixation,,,,
1671844126.962829,,Mouse,418.0,585.5,,,Fixation,472.0,587.0,,
1671844126.973162,,Eye Tracker,416.0,586.0,Valid,Valid,Fixation,,,,
1671844126.982577,,Mouse,415.0,587.0,,,Fixation,465.0,587.0,,
1671844126.989817,,Eye Tracker,414.0,588.0,Valid,Valid,Fixation,,,,
1671844126.993623,,Mouse,414.0,588.5,,,Fixation,459.0,587.0,,
1671844127.006471,,Eye Tracker,414.0,589.0,Valid,Valid,Fixation,,,,
1671844127.012603,,Mouse,413.3333333333333,589.3333333333334,,,Fixation,453.0,587.0,,
1671844127.022731,,Mouse,412.6666666666667,589.6666666666666,,,Fixation,450.0,587.0,,
1671844127.023126,,Eye Tracker,412.0,590.0,Valid,Valid,Fixation,,,,
1671844127.0339,,Mouse,411.5,592.0,,,Fixation,448.0,587.0,,
1671844127.03978,,Eye Tracker,411.0,594.0,Valid,Valid,Fixation,,,,
1671844127.053584,,Mouse,410.0,592.5,,,Fixation,442.0,587.0,,
1671844127.056434,,Eye Tracker,409.0,591.0,Valid,Valid,Fixation,,,,
1671844127.063899,,Mouse,407.5,589.5,,,Fixation,439.0,587.0,,
1671844127.073089,,Eye Tracker,406.0,588.0,Valid,Valid,Fixation,,,,
1671844127.07465,,Mouse,405.5,588.0,,,Fixation,435.0,587.0,,
1671844127.089744,,Eye Tracker,405.0,588.0,Valid,Valid,Fixation,,,,
1671844127.093841,,Mouse,403.5,589.5,,,Fixation,427.0,587.0,,
1671844127.106398,,Eye Tracker,402.0,591.0,Valid,Valid,Fixation,,,,
1671844127.114572,,Mouse,399.0,592.0,,,Fixation,420.0,587.0,,
1671844127.123053,,Eye Tracker,396.0,593.0,Valid,Valid,Fixation,,,,
1671844127.124604,,Mouse,394.0,590.5,,,Fixation,418.0,587.0,,
1671844127.139708,,Eye Tracker,392.0,588.0,Valid,Valid,Fixation,,,,
1671844127.143628,,Mouse,390.0,588.3333333333334,,,Fixation,414.0,587.0,,
1671844127.154648,,Mouse,388.0,588.6666666666666,,,Fixation,411.0,587.0,,
1671844127.156363,,Eye Tracker,386.0,589.0,Valid,Valid,Fixation,,,,
1671844127.173017,,Eye Tracker,381.0,586.0,Valid,Valid,Fixation,,,,
1671844127.173634,,Mouse,377.0,584.5,,,Fixation,399.0,587.0,,
1671844127.189672,,Eye Tracker,373.0,583.0,Valid,Valid,Fixation,,,,
1671844127.193628,,Mouse,368.3333333333333,584.0,,,Fixation,381.0,589.0,,
1671844127.204617,,Mouse,363.6666666666667,585.0,,,Fixation,370.0,591.0,,
1671844127.206327,,Eye Tracker,359.0,586.0,Valid,Valid,Fixation,,,,
1671844127.222981,,Eye Tracker,359.0,589.0,Valid,Valid,Fixation,,,,
1671844127.223897,,Mouse,359.6666666666667,588.6666666666666,,,Fixation,351.0,593.0,,
1671844127.233902,,Mouse,360.3333333333333,588.3333333333334,,,Fixation,341.0,595.0,,
1671844127.239636,,Eye Tracker,361.0,588.0,Valid,Valid,Fixation,,,,
1671844127.244643,,Mouse,359.5,588.5,,,Fixation,328.0,596.0,,
1671844127.256291,,Eye Tracker,358.0,589.0,Valid,Valid,Fixation,,,,
1671844127.263898,,Mouse,358.0,589.0,,,Fixation,305.0,598.0,,
1671844127.272945,,Eye Tracker,358.0,589.0,Valid,Valid,Fixation,,,,
1671844127.284612,,Mouse,353.0,589.5,,,Fixation,284.0,599.0,,
1671844127.289601,,Eye Tracker,348.0,590.0,Valid,Valid,Fixation,,,,
1671844127.29489,,Mouse,345.5,591.0,,,Fixation,275.0,600.0,,
1671844127.306256,,Eye Tracker,343.0,592.0,Valid,Valid,Fixation,,,,
1671844127.313621,,Mouse,340.0,591.5,,,Fixation,255.0,601.0,,
1671844127.322909,,Eye Tracker,337.0,591.0,Valid,Valid,Fixation,,,,
1671844127.324609,,Mouse,333.6666666666667,591.0,,,Fixation,244.0,602.0,,
1671844127.334658,,Mouse,330.3333333333333,591.0,,,Fixation,236.0,604.0,,
1671844127.339564,,Eye Tracker,327.0,591.0,Valid,Valid,Fixation,,,,
1671844127.353615,,Mouse,232.0,572.0,,,Saccade,222.0,606.0,,
1671844127.356219,,Eye Tracker,137.0,553.0,Valid,Valid,Saccade,,,,
1671844127.363883,,Mouse,133.0,551.0,,,Saccade,215.0,606.0,,
1671844127.372873,,Eye Tracker,129.0,549.0,Valid,Valid,Fixation,,,,
1671844127.374627,,Mouse,126.0,550.0,,,Fixation,210.0,608.0,,
1671844127.389528,,Eye Tracker,123.0,551.0,Valid,Valid,Fixation,,,,
1671844127.394851,,Mouse,122.5,548.5,,,Fixation,199.0,609.0,,
1671844127.406183,,Eye Tracker,122.0,546.0,Valid,Valid,Fixation,,,,
1671844127.415614,,Mouse,122.0,546.5,,,Fixation,192.0,609.0,,
1671844127.422838,,Eye Tracker,122.0,547.0,Valid,Valid,Fixation,,,,
1671844127.425614,,Mouse,123.0,547.0,,,Fixation,189.0,609.0,,
1671844127.439492,,Eye Tracker,124.0,547.0,Valid,Valid,Fixation,,,,
1671844127.444623,,Mouse,124.0,546.3333333333334,,,Fixation,182.0,609.0,,
1671844127.45556,,Mouse,124.0,545.6666666666666,,,Fixation,180.0,609.0,,
1671844127.456147,,Eye Tracker,124.0,545.0,Valid,Valid,Fixation,,,,
1671844127.465608,,Mouse,122.5,545.5,,,Fixation,175.0,609.0,,
1671844127.472802,,Eye Tracker,121.0,546.0,Valid,Valid,Fixation,,,,
1671844127.484608,,Mouse,118.0,548.0,,,Fixation,163.0,609.0,,
1671844127.489456,,Eye Tracker,115.0,550.0,Valid,Valid,Fixation,,,,
1671844127.495859,,Mouse,114.5,551.5,,,Fixation,160.0,609.0,,
1671844127.506111,,Eye Tracker,114.0,553.0,Valid,Valid,Fixation,,,,
1671844127.5146,,Mouse,116.0,554.0,,,Fixation,158.0,609.0,,
1671844127.522766,,Eye Tracker,118.0,555.0,Valid,Valid,Fixation,,,,
1671844127.524626,,Mouse,116.5,555.5,,,Fixation,157.0,609.0,,
1671844127.53942,,Eye Tracker,115.0,556.0,Valid,Valid,Fixation,,,,
1671844127.55573,,Mouse,115.5,556.0,,,Fixation,155.0,609.0,,
1671844127.556075,,Eye Tracker,116.0,556.0,Valid,Valid,Fixation,,,,
1671844127.565821,,Mouse,116.0,558.5,,,Fixation,152.0,607.0,,
1671844127.57273,,Eye Tracker,116.0,561.0,Valid,Valid,Fixation,,,,
1671844127.586594,,Mouse,117.0,559.5,,,Fixation,134.0,601.0,,
1671844127.589384,,Eye Tracker,118.0,558.0,Valid,Valid,Fixation,,,,
1671844127.596652,,Mouse,119.5,558.0,,,Fixation,129.0,599.0,,
1671844127.606039,,Eye Tracker,121.0,558.0,Valid,Valid,Fixation,,,,
1671844127.615574,,Mouse,122.0,560.0,,,Fixation,123.0,595.0,,
1671844127.622694,,Eye Tracker,123.0,562.0,Valid,Valid,Fixation,,,,
1671844127.626582,,Mouse,124.0,562.0,,,Fixation,121.0,594.0,,
1671844127.636633,,Mouse,125.0,562.0,,,Fixation,120.0,593.0,,
1671844127.639348,,Eye Tracker,126.0,562.0,Valid,Valid,Fixation,,,,
1671844127.6556,,Mouse,124.5,563.0,,,Fixation,119.0,592.0,,
1671844127.656003,,Eye Tracker,123.0,564.0,Valid,Valid,Fixation,,,,
1671844127.666612,,Mouse,120.5,565.5,,,Fixation,118.0,591.0,,
1671844127.672658,,Eye Tracker,118.0,567.0,Valid,Valid,Fixation,,,,
1671844127.685604,,Mouse,119.5,566.0,,,Fixation,115.0,589.0,,
1671844127.689313,,Eye Tracker,121.0,565.0,Valid,Valid,Fixation,,,,
1671844127.695856,,Mouse,123.5,563.5,,,Fixation,111.0,587.0,,
1671844127.705967,,Eye Tracker,126.0,562.0,Valid,Valid,Fixation,,,,
1671844127.716581,,Mouse,125.5,563.0,,,Fixation,97.0,579.0,,
1671844127.722622,,Eye Tracker,125.0,564.0,Valid,Valid,Fixation,,,,
1671844127.73563,,Mouse,122.0,566.0,,,Fixation,90.0,573.0,,
1671844127.739277,,Eye Tracker,119.0,568.0,Valid,Valid,Fixation,,,,
1671844127.755931,,Eye Tracker,119.0,566.0,Valid,Valid,Fixation,,,,
1671844127.756622,,Mouse,122.0,566.0,,,Fixation,86.0,565.0,,
1671844127.766641,,Mouse,125.0,566.0,,,Fixation,85.0,561.0,,
1671844127.772586,,Eye Tracker,128.0,566.0,Valid,Valid,Fixation,,,,
1671844127.785565,,Mouse,128.0,565.5,,,Fixation,83.0,553.0,,
1671844127.789241,,Eye Tracker,128.0,565.0,Valid,Valid,Fixation,,,,
1671844127.796577,,Mouse,124.0,564.0,,,Fixation,82.0,546.0,,
1671844127.805895,,Eye Tracker,120.0,563.0,Valid,Valid,Fixation,,,,
1671844127.81558,,Mouse,120.5,563.5,,,Fixation,80.0,532.0,,
1671844127.82255,,Eye Tracker,121.0,564.0,Valid,Valid,Fixation,,,,
1671844127.82583,,Mouse,122.0,561.6666666666666,,,Fixation,79.0,524.0,,
1671844127.836604,,Mouse,123.0,559.3333333333334,,,Fixation,78.0,517.0,,
1671844127.839205,,Eye Tracker,124.0,557.0,Valid,Valid,Fixation,,,,
1671844127.846644,,Mouse,122.5,558.5,,,Fixation,78.0,509.0,,
1671844127.855859,,Eye Tracker,121.0,560.0,Valid,Valid,Fixation,,,,
1671844127.865636,,Mouse,123.5,567.5,,,Fixation,75.0,493.0,,
1671844127.872513,,Eye Tracker,126.0,575.0,Valid,Valid,Fixation,,,,
1671844127.88664,,Mouse,122.5,413.5,,,Saccade,75.0,475.0,,
1671844127.889168,,Eye Tracker,119.0,252.0,Valid,Valid,Saccade,,,,
1671844127.905822,,Eye Tracker,121.0,240.0,Valid,Valid,Fixation,,,,
1671844127.906599,,Mouse,117.0,237.33333333333334,,,Fixation,75.0,457.0,,
1671844127.916621,,Mouse,113.0,234.66666666666666,,,Fixation,75.0,448.0,,
1671844127.922477,,Eye Tracker,109.0,232.0,Valid,Valid,Fixation,,,,
1671844127.927871,,Mouse,106.0,230.5,,,Fixation,75.0,438.0,,
1671844127.939133,,Eye Tracker,103.0,229.0,Valid,Valid,Fixation,,,,
1671844127.946616,,Mouse,103.5,226.5,,,Fixation,75.0,418.0,,
1671844127.955788,,Eye Tracker,104.0,224.0,Valid,Valid,Fixation,,,,
1671844127.956649,,Mouse,104.0,223.0,,,Fixation,75.0,408.0,,
1671844127.967583,,Mouse,104.0,222.0,,,Fixation,75.0,399.0,,
1671844127.972442,,Eye Tracker,104.0,221.0,Valid,Valid,Fixation,,,,
1671844127.986709,,Mouse,105.0,221.5,,,Fixation,75.0,378.0,,
1671844127.989097,,Eye Tracker,106.0,222.0,Valid,Valid,Fixation,,,,
1671844127.996835,,Mouse,104.0,223.5,,,Fixation,75.0,366.0,,
1671844128.005752,,Eye Tracker,102.0,225.0,Valid,Valid,Fixation,,,,
1671844128.007583,,Mouse,101.66666666666667,225.0,,,Fixation,75.0,355.0,,
1671844128.017621,,Mouse,101.33333333333333,225.0,,,Fixation,75.0,344.0,,
1671844128.022406,,Eye Tracker,101.0,225.0,Valid,Valid,Fixation,,,,
1671844128.036618,,Mouse,101.0,224.5,,,Fixation,75.0,323.0,,
1671844128.039061,,Eye Tracker,101.0,224.0,Valid,Valid,Fixation,,,,
1671844128.055716,,Eye Tracker,102.0,227.0,Valid,Valid,Fixation,,,,
1671844128.057851,,Mouse,102.5,225.5,,,Fixation,75.0,298.0,,
1671844128.07237,,Eye Tracker,103.0,224.0,Valid,Valid,Fixation,,,,
1671844128.077846,,Mouse,103.0,223.5,,,Fixation,75.0,276.0,,
1671844128.089025,,Eye Tracker,103.0,223.0,Valid,Valid,Fixation,,,,
1671844128.098639,,Mouse,104.0,223.5,,,Fixation,75.0,257.0,,
1671844128.10568,,Eye Tracker,105.0,224.0,Valid,Valid,Fixation,,,,
1671844128.117649,,Mouse,104.5,224.0,,,Fixation,75.0,241.0,,
1671844128.122334,,Eye Tracker,104.0,224.0,Valid,Valid,Fixation,,,,
1671844128.127686,,Mouse,101.0,222.66666666666666,,,Fixation,75.0,233.0,,
1671844128.1386,,Mouse,98.0,221.33333333333334,,,Fixation,75.0,228.0,,
1671844128.138989,,Eye Tracker,95.0,220.0,Valid,Valid,Fixation,,,,
1671844128.148623,,Mouse,91.0,190.5,,,Saccade,75.0,222.0,,
1671844128.155643,,Eye Tracker,87.0,161.0,Valid,Valid,Saccade,,,,
1671844128.167607,,Mouse,82.5,136.5,,,Saccade,75.0,214.0,,
1671844128.172297,,Eye Tracker,78.0,112.0,Valid,Valid,Saccade,,,,
1671844128.178615,,Mouse,77.33333333333333,112.0,,,Saccade,75.0,211.0,,
1671844128.1887,,Mouse,76.66666666666667,112.0,,,Fixation,75.0,208.0,,
1671844128.188952,,Eye Tracker,76.0,112.0,Valid,Valid,Fixation,,,,
1671844128.205607,,Eye Tracker,76.0,108.0,Valid,Valid,Fixation,,,,
1671844128.207551,,Mouse,75.66666666666667,106.33333333333333,,,Fixation,75.0,201.0,,
1671844128.217606,,Mouse,75.33333333333333,104.66666666666667,,,Fixation,75.0,197.0,,
1671844128.222262,,Eye Tracker,75.0,103.0,Valid,Valid,Fixation,,,,
1671844128.22857,,Mouse,75.0,104.0,,,Fixation,75.0,190.0,,
1671844128.238916,,Eye Tracker,75.0,105.0,Valid,Valid,Fixation,,,,
1671844128.247626,,Mouse,77.0,105.5,,,Fixation,75.0,177.0,,
1671844128.255571,,Eye Tracker,79.0,106.0,Valid,Valid,Fixation,,,,
1671844128.257872,,Mouse,77.33333333333333,104.0,,,Fixation,75.0,171.0,,
1671844128.268636,,Mouse,75.66666666666667,102.0,,,Fixation,75.0,163.0,,
1671844128.272226,,Eye Tracker,74.0,100.0,Valid,Valid,Fixation,,,,
1671844128.278829,,Mouse,72.5,99.5,,,Fixation,75.0,156.0,,
1671844128.28888,,Eye Tracker,71.0,99.0,Valid,Valid,Fixation,,,,
1671844128.297605,,Mouse,73.0,101.0,,,Fixation,75.0,146.0,,
1671844128.305536,,Eye Tracker,75.0,103.0,Valid,Valid,Fixation,,,,
1671844128.308611,,Mouse,74.0,104.0,,,Fixation,77.0,141.0,,
1671844128.318641,,Mouse,73.0,105.0,,,Fixation,79.0,137.0,,
1671844128.322191,,Eye Tracker,72.0,106.0,Valid,Valid,Fixation,,,,
1671844128.337519,,Mouse,73.0,106.0,,,Fixation,82.0,133.0,,
1671844128.338845,,Eye Tracker,74.0,106.0,Valid,Valid,Fixation,,,,
1671844128.34887,,Mouse,76.5,106.0,,,Fixation,84.0,130.0,,
1671844128.3555,,Eye Tracker,79.0,106.0,Valid,Valid,Fixation,,,,
1671844128.367598,,Mouse,79.0,108.5,,,Fixation,89.0,125.0,,
1671844128.372155,,Eye Tracker,79.0,111.0,Valid,Valid,Fixation,,,,
1671844128.377614,,Mouse,78.66666666666667,109.33333333333333,,,Fixation,92.0,122.0,,
1671844128.387641,,Mouse,78.33333333333333,107.66666666666667,,,Fixation,95.0,119.0,,
1671844128.388809,,Eye Tracker,78.0,106.0,Valid,Valid,Fixation,,,,
1671844128.398623,,Mouse,77.5,102.5,,,Fixation,99.0,116.0,,
1671844128.405464,,Eye Tracker,77.0,99.0,Valid,Valid,Fixation,,,,
1671844128.418997,,Mouse,77.0,100.0,,,Fixation,110.0,112.0,,
1671844128.422118,,Eye Tracker,77.0,101.0,Valid,Valid,Fixation,,,,
1671844128.438772,,Eye Tracker,79.0,105.0,Valid,Valid,Fixation,,,,
1671844128.43977,,Mouse,79.5,104.5,,,Fixation,121.0,107.0,,
1671844128.455427,,Eye Tracker,80.0,104.0,Valid,Valid,Fixation,,,,
1671844128.4586,,Mouse,80.66666666666667,103.0,,,Fixation,131.0,104.0,,
1671844128.468614,,Mouse,81.33333333333333,102.0,,,Fixation,135.0,104.0,,
1671844128.472082,,Eye Tracker,82.0,101.0,Valid,Valid,Fixation,,,,
1671844128.479859,,Mouse,82.5,104.0,,,Fixation,143.0,101.0,,
1671844128.488737,,Eye Tracker,83.0,107.0,Valid,Valid,Fixation,,,,
1671844128.489889,,Mouse,84.5,111.5,,,Fixation,152.0,101.0,,
1671844128.505391,,Eye Tracker,86.0,116.0,Valid,Valid,Fixation,,,,
1671844128.508618,,Mouse,86.66666666666667,115.0,,,Fixation,171.0,97.0,,
1671844128.519769,,Mouse,87.33333333333333,114.0,,,Fixation,178.0,95.0,,
1671844128.522046,,Eye Tracker,88.0,113.0,Valid,Valid,Fixation,,,,
1671844128.538602,,Mouse,88.5,112.0,,,Fixation,192.0,91.0,,
1671844128.538701,,Eye Tracker,89.0,111.0,Valid,Valid,Fixation,,,,
1671844128.548653,,Mouse,90.5,111.5,,,Fixation,197.0,90.0,,
1671844128.555355,,Eye Tracker,92.0,112.0,Valid,Valid,Fixation,,,,
1671844128.559637,,Mouse,93.33333333333333,108.0,,,Fixation,203.0,88.0,,
1671844128.569647,,Mouse,94.66666666666667,104.0,,,Fixation,207.0,88.0,,
1671844128.57201,,Eye Tracker,96.0,100.0,Valid,Valid,Fixation,,,,
1671844128.588665,,Eye Tracker,102.0,100.0,Valid,Valid,Fixation,,,,
1671844128.589632,,Mouse,105.5,102.0,,,Fixation,218.0,87.0,,
1671844128.605319,,Eye Tracker,109.0,104.0,Valid,Valid,Fixation,,,,
1671844128.610594,,Mouse,138.33333333333334,106.66666666666667,,,Fixation,230.0,86.0,,
1671844128.620604,,Mouse,167.66666666666666,109.33333333333333,,,Saccade,235.0,86.0,,
1671844128.621974,,Eye Tracker,197.0,112.0,Valid,Valid,Saccade,,,,
1671844128.638629,,Eye Tracker,307.0,104.0,Valid,Valid,Saccade,,,,
1671844128.639581,,Mouse,320.0,98.0,,,Saccade,252.0,82.0,,
1671844128.650858,,Mouse,333.0,92.0,,,Saccade,260.0,82.0,,
1671844128.655284,,Eye Tracker,346.0,86.0,Valid,Valid,Saccade,,,,
1671844128.669575,,Mouse,349.0,88.5,,,Fixation,277.0,79.0,,
1671844128.671939,,Eye Tracker,352.0,91.0,Valid,Valid,Fixation,,,,
1671844128.679594,,Mouse,354.5,90.0,,,Fixation,282.0,78.0,,
1671844128.688594,,Eye Tracker,357.0,89.0,Valid,Valid,Fixation,,,,
1671844128.690638,,Mouse,358.5,86.5,,,Fixation,289.0,77.0,,
1671844128.705247,,Eye Tracker,360.0,84.0,Valid,Valid,Fixation,,,,
1671844128.709586,,Mouse,360.3333333333333,83.66666666666667,,,Fixation,301.0,76.0,,
1671844128.719728,,Mouse,360.6666666666667,83.33333333333333,,,Fixation,309.0,76.0,,
1671844128.721902,,Eye Tracker,361.0,83.0,Valid,Valid,Fixation,,,,
1671844128.738557,,Eye Tracker,365.0,85.0,Valid,Valid,Fixation,,,,
1671844128.740614,,Mouse,366.0,85.5,,,Fixation,333.0,76.0,,
1671844128.755212,,Eye Tracker,367.0,86.0,Valid,Valid,Fixation,,,,
1671844128.759602,,Mouse,367.0,85.5,,,Fixation,355.0,76.0,,
1671844128.771866,,Eye Tracker,367.0,85.0,Valid,Valid,Fixation,,,,
1671844128.780738,,Mouse,369.0,84.0,,,Fixation,375.0,76.0,,
1671844128.788521,,Eye Tracker,371.0,83.0,Valid,Valid,Fixation,,,,
1671844128.799605,,Mouse,375.0,87.0,,,Fixation,394.0,76.0,,
1671844128.805176,,Eye Tracker,379.0,91.0,Valid,Valid,Fixation,,,,
1671844128.820689,,Mouse,383.0,91.5,,,Fixation,416.0,76.0,,
1671844128.82183,,Eye Tracker,387.0,92.0,Valid,Valid,Fixation,,,,
1671844128.838485,,Eye Tracker,391.0,84.0,Valid,Valid,Fixation,,,,
1671844128.83961,,Mouse,393.0,83.66666666666667,,,Fixation,438.0,76.0,,
1671844128.849853,,Mouse,395.0,83.33333333333333,,,Fixation,448.0,76.0,,
1671844128.85514,,Eye Tracker,397.0,83.0,Valid,Valid,Fixation,,,,
1671844128.860604,,Mouse,400.6666666666667,85.33333333333333,,,Fixation,460.0,76.0,,
1671844128.870761,,Mouse,404.3333333333333,87.66666666666667,,,Fixation,473.0,76.0,,
1671844128.871794,,Eye Tracker,408.0,90.0,Valid,Valid,Fixation,,,,
1671844128.888449,,Eye Tracker,416.0,92.0,Valid,Valid,Fixation,,,,
1671844128.889565,,Mouse,420.0,91.5,,,Fixation,499.0,76.0,,
1671844128.905104,,Eye Tracker,424.0,91.0,Valid,Valid,Fixation,,,,
1671844128.910858,,Mouse,426.5,91.5,,,Fixation,534.0,76.0,,
1671844128.921758,,Eye Tracker,429.0,92.0,Valid,Valid,Fixation,,,,
1671844128.930624,,Mouse,434.0,91.5,,,Fixation,559.0,76.0,,
1671844128.938413,,Eye Tracker,439.0,91.0,Valid,Valid,Fixation,,,,
1671844128.951573,,Mouse,443.0,89.0,,,Fixation,582.0,76.0,,
1671844128.955068,,Eye Tracker,447.0,87.0,Valid,Valid,Fixation,,,,
1671844128.970592,,Mouse,451.0,84.5,,,Fixation,603.0,76.0,,
1671844128.971722,,Eye Tracker,455.0,82.0,Valid,Valid,Fixation,,,,
1671844128.988377,,Eye Tracker,465.0,81.0,Valid,Valid,Fixation,,,,
1671844128.991568,,Mouse,464.3333333333333,82.66666666666667,,,Fixation,621.0,76.0,,
1671844129.001688,,Mouse,463.6666666666667,84.33333333333333,,,Fixation,629.0,76.0,,
1671844129.005032,,Eye Tracker,463.0,86.0,Valid,Valid,Fixation,,,,
1671844129.020563,,Mouse,554.0,87.0,,,EyesNotFound,641.0,76.0,,
1671844129.021687,,Eye Tracker,645.0,88.0,Invalid,Invalid,EyesNotFound,,,,
1671844129.031568,,Mouse,736.0,89.0,,,Fixation,648.0,76.0,,
1671844129.038341,,Eye Tracker,827.0,90.0,Valid,Valid,Fixation,,,,
1671844129.041587,,Mouse,831.0,95.0,,,Fixation,658.0,76.0,,
1671844129.054996,,Eye Tracker,835.0,100.0,Valid,Valid,Fixation,,,,
1671844129.060598,,Mouse,836.0,97.0,,,Fixation,676.0,76.0,,
1671844129.071651,,Eye Tracker,837.0,94.0,Valid,Valid,Fixation,,,,
1671844129.071736,,Mouse,836.6666666666666,93.66666666666667,,,Fixation,687.0,76.0,,
1671844129.081873,,Mouse,836.3333333333334,93.33333333333333,,,Fixation,702.0,76.0,,
1671844129.088305,,Eye Tracker,836.0,93.0,Valid,Valid,Fixation,,,,
1671844129.101572,,Mouse,837.0,94.0,,,Fixation,730.0,76.0,,
1671844129.10496,,Eye Tracker,838.0,95.0,Valid,Valid,Fixation,,,,
1671844129.111617,,Mouse,842.5,96.5,,,Fixation,742.0,76.0,,
1671844129.121615,,Eye Tracker,847.0,98.0,Valid,Valid,Fixation,,,,
1671844129.122623,,Mouse,851.0,98.5,,,Fixation,755.0,76.0,,
1671844129.138269,,Eye Tracker,855.0,99.0,Valid,Valid,Fixation,,,,
1671844129.141632,,Mouse,854.6666666666666,98.33333333333333,,,Fixation,775.0,76.0,,
1671844129.151683,,Mouse,854.3333333333334,97.66666666666667,,,Fixation,785.0,76.0,,
1671844129.154924,,Eye Tracker,854.0,97.0,Valid,Valid,Fixation,,,,
1671844129.162564,,Mouse,855.0,99.5,,,Fixation,794.0,76.0,,
1671844129.171579,,Eye Tracker,856.0,102.0,Valid,Valid,Fixation,,,,
1671844129.172588,,Mouse,859.5,103.5,,,Fixation,805.0,76.0,,
1671844129.188233,,Eye Tracker,863.0,105.0,Valid,Valid,Fixation,,,,
1671844129.191621,,Mouse,866.0,104.33333333333333,,,Fixation,826.0,76.0,,
1671844129.202606,,Mouse,869.0,103.66666666666667,,,Fixation,838.0,76.0,,
1671844129.204888,,Eye Tracker,872.0,103.0,Valid,Valid,Fixation,,,,
1671844129.221543,,Eye Tracker,874.0,104.0,Valid,Valid,Fixation,,,,
1671844129.221585,,Mouse,876.5,106.5,,,Fixation,862.0,76.0,,
1671844129.238197,,Eye Tracker,879.0,109.0,Valid,Valid,Fixation,,,,
1671844129.241852,,Mouse,880.6666666666666,109.0,,,Fixation,879.0,76.0,,
1671844129.25273,,Mouse,882.3333333333334,109.0,,,Fixation,885.0,76.0,,
1671844129.254852,,Eye Tracker,884.0,109.0,Valid,Valid,Fixation,,,,
1671844129.271507,,Eye Tracker,890.0,113.0,Valid,Valid,Fixation,,,,
1671844129.271589,,Mouse,904.0,113.0,,,Fixation,894.0,76.0,,
1671844129.28162,,Mouse,918.0,113.0,,,Saccade,897.0,76.0,,
1671844129.288162,,Eye Tracker,932.0,113.0,Valid,Valid,Saccade,,,,
1671844129.292564,,Mouse,962.6666666666666,112.66666666666667,,,Saccade,899.0,76.0,,
1671844129.302619,,Mouse,993.3333333333334,112.33333333333333,,,Saccade,902.0,76.0,,
1671844129.304816,,Eye Tracker,1024.0,112.0,Valid,Valid,Saccade,,,,
1671844129.32147,,Eye Tracker,1025.0,113.0,Valid,Valid,Fixation,,,,
1671844129.321558,,Mouse,1026.3333333333333,115.33333333333333,,,Fixation,907.0,76.0,,
1671844129.332868,,Mouse,1027.6666666666667,117.66666666666667,,,Fixation,910.0,76.0,,
1671844129.338125,,Eye Tracker,1029.0,120.0,Valid,Valid,Fixation,,,,
1671844129.343004,,Mouse,1029.0,121.0,,,Fixation,916.0,76.0,,
1671844129.35478,,Eye Tracker,1029.0,122.0,Valid,Valid,Fixation,,,,
1671844129.361731,,Mouse,1030.0,122.0,,,Fixation,932.0,76.0,,
1671844129.371435,,Eye Tracker,1031.0,122.0,Valid,Valid,Fixation,,,,
1671844129.372804,,Mouse,1030.5,124.5,,,Fixation,942.0,76.0,,
1671844129.38809,,Eye Tracker,1030.0,127.0,Valid,Valid,Fixation,,,,
1671844129.391569,,Mouse,1029.0,127.33333333333333,,,Fixation,957.0,76.0,,
1671844129.401705,,Mouse,1028.0,127.66666666666667,,,Fixation,963.0,76.0,,
1671844129.404744,,Eye Tracker,1027.0,128.0,Valid,Valid,Fixation,,,,
1671844129.421399,,Eye Tracker,1028.0,126.0,Valid,Valid,Fixation,,,,
1671844129.422536,,Mouse,1029.0,127.33333333333333,,,Fixation,976.0,76.0,,
1671844129.43258,,Mouse,1030.0,128.66666666666666,,,Fixation,983.0,76.0,,
1671844129.438054,,Eye Tracker,1031.0,130.0,Valid,Valid,Fixation,,,,
1671844129.442684,,Mouse,1031.5,130.0,,,Fixation,991.0,76.0,,
1671844129.454708,,Eye Tracker,1032.0,130.0,Valid,Valid,Fixation,,,,
1671844129.463678,,Mouse,1032.5,126.5,,,Fixation,1005.0,81.0,,
1671844129.471363,,Eye Tracker,1033.0,123.0,Valid,Valid,Fixation,,,,
1671844129.482575,,Mouse,1033.5,124.0,,,Fixation,1017.0,88.0,,
1671844129.488018,,Eye Tracker,1034.0,125.0,Valid,Valid,Fixation,,,,
1671844129.503838,,Mouse,1032.5,127.5,,,Fixation,1029.0,94.0,,
1671844129.504672,,Eye Tracker,1031.0,130.0,Valid,Valid,Fixation,,,,
1671844129.514021,,Mouse,1032.0,129.5,,,Fixation,1032.0,96.0,,
1671844129.521327,,Eye Tracker,1033.0,129.0,Valid,Valid,Fixation,,,,
1671844129.532725,,Mouse,1035.0,133.0,,,Fixation,1037.0,99.0,,
1671844129.537981,,Eye Tracker,1037.0,137.0,Valid,Valid,Fixation,,,,
1671844129.54354,,Mouse,1036.5,139.5,,,Fixation,1038.0,100.0,,
1671844129.554637,,Eye Tracker,1036.0,142.0,Valid,Valid,Fixation,,,,
1671844129.562605,,Mouse,1036.0,141.0,,,Fixation,1040.0,101.0,,
1671844129.571291,,Eye Tracker,1036.0,140.0,Valid,Valid,Fixation,,,,
1671844129.572848,,Mouse,1036.3333333333333,140.33333333333334,,,Fixation,1040.0,102.0,,
1671844129.583602,,Mouse,1036.6666666666667,140.66666666666666,,,Fixation,1042.0,103.0,,
1671844129.587945,,Eye Tracker,1037.0,141.0,Valid,Valid,Fixation,,,,
1671844129.603865,,Mouse,1036.0,142.5,,,Fixation,1045.0,107.0,,
1671844129.6046,,Eye Tracker,1035.0,144.0,Valid,Valid,Fixation,,,,
1671844129.621254,,Eye Tracker,1034.0,147.0,Valid,Valid,Fixation,,,,
1671844129.62358,,Mouse,1035.0,148.0,,,Fixation,1047.0,112.0,,
1671844129.634603,,Mouse,1036.0,149.0,,,Fixation,1049.0,114.0,,
1671844129.637909,,Eye Tracker,1037.0,150.0,Valid,Valid,Fixation,,,,
1671844129.644652,,Mouse,1039.0,153.0,,,Fixation,1051.0,119.0,,
1671844129.654564,,Eye Tracker,1041.0,156.0,Valid,Valid,Fixation,,,,
1671844129.663854,,Mouse,1041.0,156.5,,,Fixation,1057.0,129.0,,
1671844129.671218,,Eye Tracker,1041.0,157.0,Valid,Valid,Fixation,,,,
1671844129.67485,,Mouse,1041.0,156.0,,,Fixation,1061.0,136.0,,
1671844129.687873,,Eye Tracker,1041.0,155.0,Valid,Valid,Fixation,,,,
1671844129.693578,,Mouse,1040.6666666666667,158.33333333333334,,,Fixation,1068.0,148.0,,
1671844129.703623,,Mouse,1040.3333333333333,161.66666666666666,,,Fixation,1072.0,156.0,,
1671844129.704528,,Eye Tracker,1040.0,165.0,Valid,Valid,Fixation,,,,
1671844129.714637,,Mouse,1039.5,169.5,,,Fixation,1074.0,163.0,,
1671844129.721183,,Eye Tracker,1039.0,174.0,Valid,Valid,Fixation,,,,
1671844129.733864,,Mouse,1041.0,176.0,,,Fixation,1079.0,176.0,,
1671844129.737838,,Eye Tracker,1043.0,178.0,Valid,Valid,Fixation,,,,
1671844129.754493,,Eye Tracker,1052.0,242.0,Valid,Valid,Saccade,,,,
1671844129.754549,,Mouse,1051.0,267.0,,,Saccade,1086.0,193.0,,
1671844129.764597,,Mouse,1050.0,292.0,,,Saccade,1090.0,202.0,,
1671844129.771147,,Eye Tracker,1049.0,317.0,Valid,Valid,Saccade,,,,
1671844129.783634,,Mouse,1042.5,328.0,,,Saccade,1100.0,230.0,,
1671844129.787802,,Eye Tracker,1036.0,339.0,Valid,Valid,Saccade,,,,
1671844129.804457,,Eye Tracker,1036.0,352.0,Valid,Valid,Fixation,,,,
1671844129.804597,,Mouse,1037.6666666666667,353.3333333333333,,,Fixation,1113.0,266.0,,
1671844129.814636,,Mouse,1039.3333333333333,354.6666666666667,,,Fixation,1117.0,283.0,,
1671844129.821111,,Eye Tracker,1041.0,356.0,Valid,Valid,Fixation,,,,
1671844129.833605,,Mouse,1042.5,358.0,,,Fixation,1123.0,308.0,,
1671844129.837765,,Eye Tracker,1044.0,360.0,Valid,Valid,Fixation,,,,
1671844129.844866,,Mouse,1045.0,362.5,,,Fixation,1125.0,322.0,,
1671844129.85442,,Eye Tracker,1046.0,365.0,Valid,Valid,Fixation,,,,
1671844129.863699,,Mouse,1047.5,366.0,,,Fixation,1127.0,343.0,,
1671844129.871075,,Eye Tracker,1049.0,367.0,Valid,Valid,Fixation,,,,
1671844129.873704,,Mouse,1048.6666666666667,368.3333333333333,,,Fixation,1127.0,351.0,,
1671844129.884578,,Mouse,1048.3333333333333,369.6666666666667,,,Fixation,1127.0,356.0,,
1671844129.887729,,Eye Tracker,1048.0,371.0,Valid,Valid,Fixation,,,,
1671844129.894585,,Mouse,1047.5,372.0,,,Fixation,1127.0,361.0,,
1671844129.904384,,Eye Tracker,1047.0,373.0,Valid,Valid,Fixation,,,,
1671844129.913562,,Mouse,1045.0,372.0,,,Fixation,1127.0,367.0,,
1671844129.921039,,Eye Tracker,1043.0,371.0,Valid,Valid,Fixation,,,,
1671844129.924566,,Mouse,1042.3333333333333,371.0,,,Fixation,1126.0,370.0,,
1671844129.934704,,Mouse,1041.6666666666667,371.0,,,Fixation,1126.0,371.0,,
1671844129.937693,,Eye Tracker,1041.0,371.0,Valid,Valid,Fixation,,,,
1671844129.954348,,Eye Tracker,1043.0,372.0,Valid,Valid,Fixation,,,,
1671844129.954652,,Mouse,1044.0,374.0,,,Fixation,1124.0,377.0,,
1671844129.971003,,Eye Tracker,1045.0,376.0,Valid,Valid,Fixation,,,,
1671844129.975718,,Mouse,1047.5,375.0,,,Fixation,1121.0,385.0,,
1671844129.987657,,Eye Tracker,1050.0,374.0,Valid,Valid,Fixation,,,,
1671844129.994839,,Mouse,1050.5,373.5,,,Fixation,1117.0,394.0,,
1671844130.004312,,Eye Tracker,1051.0,373.0,Valid,Valid,Fixation,,,,
1671844130.015602,,Mouse,1057.5,392.0,,,Saccade,1114.0,402.0,,
1671844130.020967,,Eye Tracker,1064.0,411.0,Valid,Valid,Saccade,,,,
1671844130.034841,,Mouse,1070.5,430.0,,,Saccade,1111.0,411.0,,
1671844130.037621,,Eye Tracker,1077.0,449.0,Valid,Valid,Saccade,,,,
1671844130.054276,,Eye Tracker,1075.0,459.0,Valid,Valid,Fixation,,,,
1671844130.055566,,Mouse,1074.0,463.0,,,Fixation,1110.0,415.0,,
1671844130.070932,,Eye Tracker,1073.0,467.0,Valid,Valid,Fixation,,,,
1671844130.087586,,Eye Tracker,1077.0,465.0,Valid,Valid,Fixation,,,,
1671844130.095622,,Mouse,1075.0,466.5,,,Fixation,1109.0,416.0,,
1671844130.10424,,Eye Tracker,1073.0,468.0,Valid,Valid,Fixation,,,,
1671844130.105853,,Mouse,1069.5,469.0,,,Fixation,1109.0,417.0,,
1671844130.120895,,Eye Tracker,1066.0,470.0,Valid,Valid,Fixation,,,,
1671844130.12581,,Mouse,1067.6666666666667,469.6666666666667,,,Fixation,1106.0,423.0,,
1671844130.135844,,Mouse,1069.3333333333333,469.3333333333333,,,Fixation,1104.0,428.0,,
1671844130.13755,,Eye Tracker,1071.0,469.0,Valid,Valid,Fixation,,,,
1671844130.146582,,Mouse,1073.0,470.5,,,Fixation,1103.0,433.0,,
1671844130.154204,,Eye Tracker,1075.0,472.0,Valid,Valid,Fixation,,,,
1671844130.156669,,Mouse,1073.5,473.0,,,Fixation,1101.0,438.0,,
1671844130.170859,,Eye Tracker,1072.0,474.0,Valid,Valid,Fixation,,,,
1671844130.175581,,Mouse,1073.0,475.6666666666667,,,Fixation,1096.0,449.0,,
1671844130.186593,,Mouse,1074.0,477.3333333333333,,,Fixation,1093.0,453.0,,
1671844130.187514,,Eye Tracker,1075.0,479.0,Valid,Valid,Fixation,,,,
1671844130.196671,,Mouse,1072.0,480.5,,,Fixation,1087.0,460.0,,
1671844130.204168,,Eye Tracker,1069.0,482.0,Valid,Valid,Fixation,,,,
1671844130.215659,,Mouse,1069.0,482.0,,,Fixation,1079.0,470.0,,
1671844130.220823,,Eye Tracker,1069.0,482.0,Valid,Valid,Fixation,,,,
1671844130.226582,,Mouse,1069.3333333333333,482.3333333333333,,,Fixation,1075.0,475.0,,
1671844130.236807,,Mouse,1069.6666666666667,482.6666666666667,,,Fixation,1071.0,478.0,,
1671844130.237478,,Eye Tracker,1070.0,483.0,Valid,Valid,Fixation,,,,
1671844130.254132,,Eye Tracker,1065.0,487.0,Valid,Valid,Fixation,,,,
1671844130.255863,,Mouse,1063.3333333333333,488.0,,,Fixation,1063.0,484.0,,
1671844130.266653,,Mouse,1061.6666666666667,489.0,,,Fixation,1057.0,488.0,,
1671844130.270787,,Eye Tracker,1060.0,490.0,Valid,Valid,Fixation,,,,
1671844130.285565,,Mouse,1017.5,508.0,,,Saccade,1045.0,494.0,,
1671844130.287442,,Eye Tracker,975.0,526.0,Valid,Valid,Saccade,,,,
1671844130.295582,,Mouse,946.0,539.5,,,Saccade,1037.0,497.0,,
1671844130.304096,,Eye Tracker,917.0,553.0,Valid,Valid,Saccade,,,,
1671844130.305855,,Mouse,914.0,556.6666666666666,,,Saccade,1028.0,501.0,,
1671844130.316619,,Mouse,911.0,560.3333333333334,,,Fixation,1020.0,504.0,,
1671844130.320751,,Eye Tracker,908.0,564.0,Valid,Valid,Fixation,,,,
1671844130.326642,,Mouse,908.0,564.5,,,Fixation,1015.0,505.0,,
1671844130.337406,,Eye Tracker,908.0,565.0,Valid,Valid,Fixation,,,,
1671844130.345608,,Mouse,908.0,562.5,,,Fixation,1001.0,509.0,,
1671844130.354061,,Eye Tracker,908.0,560.0,Valid,Valid,Fixation,,,,
1671844130.356602,,Mouse,907.0,560.3333333333334,,,Fixation,992.0,510.0,,
1671844130.366616,,Mouse,906.0,560.6666666666666,,,Fixation,982.0,511.0,,
1671844130.370715,,Eye Tracker,905.0,561.0,Valid,Valid,Fixation,,,,
1671844130.385565,,Mouse,903.5,560.5,,,Fixation,960.0,514.0,,
1671844130.38737,,Eye Tracker,902.0,560.0,Valid,Valid,Fixation,,,,
1671844130.396594,,Mouse,900.5,559.0,,,Fixation,950.0,515.0,,
1671844130.404025,,Eye Tracker,899.0,558.0,Valid,Valid,Fixation,,,,
1671844130.406608,,Mouse,898.5,560.5,,,Fixation,946.0,515.0,,
1671844130.42068,,Eye Tracker,898.0,563.0,Valid,Valid,Fixation,,,,
1671844130.425609,,Mouse,898.3333333333334,563.3333333333334,,,Fixation,937.0,515.0,,
1671844130.436637,,Mouse,898.6666666666666,563.6666666666666,,,Fixation,933.0,515.0,,
1671844130.437335,,Eye Tracker,899.0,564.0,Valid,Valid,Fixation,,,,
1671844130.45399,,Eye Tracker,902.0,565.0,Valid,Valid,Fixation,,,,
1671844130.456603,,Mouse,901.3333333333334,565.3333333333334,,,Fixation,921.0,515.0,,
1671844130.466618,,Mouse,900.6666666666666,565.6666666666666,,,Fixation,915.0,515.0,,
1671844130.470644,,Eye Tracker,900.0,566.0,Valid,Valid,Fixation,,,,
1671844130.487299,,Eye Tracker,900.0,564.0,Valid,Valid,Fixation,,,,
1671844130.487619,,Mouse,898.6666666666666,563.6666666666666,,,Fixation,905.0,515.0,,
1671844130.497633,,Mouse,897.3333333333334,563.3333333333334,,,Fixation,902.0,515.0,,
1671844130.503954,,Eye Tracker,896.0,563.0,Valid,Valid,Fixation,,,,
1671844130.516533,,Mouse,895.5,563.5,,,Fixation,898.0,515.0,,
1671844130.520608,,Eye Tracker,895.0,564.0,Valid,Valid,Fixation,,,,
1671844130.527865,,Mouse,895.0,564.0,,,Fixation,896.0,515.0,,
1671844130.537263,,Eye Tracker,895.0,564.0,Valid,Valid,Fixation,,,,
1671844130.546764,,Mouse,895.0,565.0,,,Fixation,888.0,515.0,,
1671844130.553918,,Eye Tracker,895.0,566.0,Valid,Valid,Fixation,,,,
1671844130.556796,,Mouse,895.6666666666666,566.0,,,Fixation,885.0,514.0,,
1671844130.567648,,Mouse,896.3333333333334,566.0,,,Fixation,882.0,513.0,,
1671844130.570572,,Eye Tracker,897.0,566.0,Valid,Valid,Fixation,,,,
1671844130.586667,,Mouse,897.5,565.5,,,Fixation,879.0,513.0,,
1671844130.587227,,Eye Tracker,898.0,565.0,Valid,Valid,Fixation,,,,
1671844130.603882,,Eye Tracker,897.0,566.0,Valid,Valid,Fixation,,,,
1671844130.617555,,Mouse,895.5,568.0,,,Fixation,877.0,513.0,,
1671844130.620537,,Eye Tracker,894.0,570.0,Valid,Valid,Fixation,,,,
1671844130.627633,,Mouse,894.0,569.5,,,Fixation,874.0,513.0,,
1671844130.637191,,Eye Tracker,894.0,569.0,Valid,Valid,Fixation,,,,
1671844130.637814,,Mouse,892.0,568.3333333333334,,,Fixation,870.0,513.0,,
1671844130.648789,,Mouse,890.0,567.6666666666666,,,Fixation,867.0,513.0,,
1671844130.653846,,Eye Tracker,888.0,567.0,Valid,Valid,Fixation,,,,
1671844130.668701,,Mouse,887.0,567.5,,,Fixation,863.0,513.0,,
1671844130.670501,,Eye Tracker,886.0,568.0,Valid,Valid,Fixation,,,,
1671844130.687155,,Eye Tracker,885.0,566.0,Valid,Valid,Fixation,,,,
1671844130.687604,,Mouse,883.6666666666666,566.3333333333334,,,Fixation,861.0,514.0,,
1671844130.698593,,Mouse,882.3333333333334,566.6666666666666,,,Fixation,861.0,515.0,,
1671844130.70381,,Eye Tracker,881.0,567.0,Valid,Valid,Fixation,,,,
1671844130.717583,,Mouse,876.0,566.0,,,Fixation,861.0,515.0,,
1671844130.720465,,Eye Tracker,871.0,565.0,Valid,Valid,Fixation,,,,
1671844130.727693,,Mouse,871.5,563.5,,,Fixation,860.0,517.0,,
1671844130.737119,,Eye Tracker,872.0,562.0,Valid,Valid,Fixation,,,,
1671844130.738586,,Mouse,869.0,561.5,,,Fixation,859.0,519.0,,
1671844130.753774,,Eye Tracker,866.0,561.0,Valid,Valid,Fixation,,,,
1671844130.757601,,Mouse,861.0,561.5,,,Fixation,856.0,530.0,,
1671844130.77043,,Eye Tracker,856.0,562.0,Valid,Valid,Fixation,,,,
1671844130.778512,,Mouse,857.0,562.0,,,Fixation,854.0,543.0,,
1671844130.787084,,Eye Tracker,858.0,562.0,Valid,Valid,Fixation,,,,
1671844130.788551,,Mouse,858.0,563.0,,,Fixation,853.0,549.0,,
1671844130.803739,,Eye Tracker,858.0,564.0,Valid,Valid,Fixation,,,,
1671844130.807649,,Mouse,860.5,564.0,,,Fixation,852.0,559.0,,
1671844130.820394,,Eye Tracker,863.0,564.0,Valid,Valid,Fixation,,,,
1671844130.828566,,Mouse,863.5,564.0,,,Fixation,851.0,571.0,,
1671844130.837048,,Eye Tracker,864.0,564.0,Valid,Valid,Fixation,,,,
1671844130.847574,,Mouse,863.5,566.5,,,Fixation,851.0,584.0,,
1671844130.853703,,Eye Tracker,863.0,569.0,Valid,Valid,Fixation,,,,
1671844130.857802,,Mouse,862.3333333333334,569.0,,,Fixation,851.0,591.0,,
1671844130.868635,,Mouse,861.6666666666666,569.0,,,Fixation,851.0,600.0,,
1671844130.870358,,Eye Tracker,861.0,569.0,Valid,Valid,Fixation,,,,
1671844130.887013,,Eye Tracker,864.0,571.0,Valid,Valid,Fixation,,,,
1671844130.887566,,Mouse,863.6666666666666,582.0,,,Fixation,851.0,620.0,,
1671844130.897842,,Mouse,863.3333333333334,593.0,,,Saccade,851.0,630.0,,
1671844130.903667,,Eye Tracker,863.0,604.0,Valid,Valid,Saccade,,,,
1671844130.908589,,Mouse,863.0,646.6666666666666,,,Saccade,851.0,641.0,,
1671844130.918731,,Mouse,863.0,689.3333333333334,,,Saccade,851.0,651.0,,
1671844130.920322,,Eye Tracker,863.0,732.0,Valid,Valid,Saccade,,,,
1671844130.936977,,Eye Tracker,866.0,742.0,Valid,Valid,Fixation,,,,
1671844130.937632,,Mouse,863.0,742.3333333333334,,,Fixation,851.0,669.0,,
1671844130.948564,,Mouse,860.0,742.6666666666666,,,Fixation,851.0,678.0,,
1671844130.953631,,Eye Tracker,857.0,743.0,Valid,Valid,Fixation,,,,
1671844130.968636,,Mouse,859.5,743.0,,,Fixation,851.0,695.0,,
1671844130.970286,,Eye Tracker,862.0,743.0,Valid,Valid,Fixation,,,,
1671844130.986941,,Eye Tracker,865.0,745.0,Valid,Valid,Fixation,,,,
1671844130.988688,,Mouse,864.3333333333334,745.3333333333334,,,Fixation,851.0,713.0,,
1671844130.999855,,Mouse,863.6666666666666,745.6666666666666,,,Fixation,851.0,724.0,,
1671844131.003595,,Eye Tracker,863.0,746.0,Valid,Valid,Fixation,,,,
1671844131.018531,,Mouse,863.5,747.5,,,Fixation,851.0,743.0,,
1671844131.02025,,Eye Tracker,864.0,749.0,Valid,Valid,Fixation,,,,
1671844131.028674,,Mouse,863.5,749.5,,,Fixation,851.0,752.0,,
1671844131.036905,,Eye Tracker,863.0,750.0,Valid,Valid,Fixation,,,,
1671844131.039576,,Mouse,863.0,752.0,,,Fixation,851.0,761.0,,
1671844131.04986,,Mouse,863.0,754.0,,,Fixation,851.0,770.0,,
1671844131.053559,,Eye Tracker,863.0,756.0,Valid,Valid,Fixation,,,,
1671844131.068593,,Mouse,864.0,760.0,,,Fixation,851.0,789.0,,
1671844131.070214,,Eye Tracker,865.0,764.0,Valid,Valid,Fixation,,,,
1671844131.079566,,Mouse,863.5,766.0,,,Fixation,851.0,799.0,,
1671844131.086869,,Eye Tracker,862.0,768.0,Valid,Valid,Fixation,,,,
1671844131.089582,,Mouse,861.5,766.5,,,Fixation,851.0,807.0,,
1671844131.103523,,Eye Tracker,861.0,765.0,Valid,Valid,Fixation,,,,
1671844131.108596,,Mouse,862.3333333333334,766.0,,,Fixation,851.0,824.0,,
1671844131.119863,,Mouse,863.6666666666666,767.0,,,Fixation,851.0,834.0,,
1671844131.120179,,Eye Tracker,865.0,768.0,Valid,Valid,Fixation,,,,
1671844131.136834,,Eye Tracker,868.0,772.0,Valid,Valid,Fixation,,,,
1671844131.139559,,Mouse,873.6666666666666,793.6666666666666,,,Fixation,851.0,855.0,,
1671844131.149578,,Mouse,879.3333333333334,815.3333333333334,,,Saccade,851.0,867.0,,
1671844131.153489,,Eye Tracker,885.0,837.0,Valid,Valid,Saccade,,,,
1671844131.160854,,Mouse,889.0,860.0,,,Saccade,851.0,876.0,,
1671844131.170143,,Eye Tracker,893.0,883.0,Valid,Valid,Saccade,,,,
1671844131.180623,,Mouse,885.5,884.5,,,Fixation,851.0,893.0,,
1671844131.186798,,Eye Tracker,878.0,886.0,Valid,Valid,Fixation,,,,
1671844131.19962,,Mouse,877.5,886.5,,,Fixation,851.0,905.0,,
1671844131.203453,,Eye Tracker,877.0,887.0,Valid,Valid,Fixation,,,,
1671844131.21057,,Mouse,879.0,889.5,,,Fixation,851.0,912.0,,
1671844131.220107,,Eye Tracker,881.0,892.0,Valid,Valid,Fixation,,,,
1671844131.220622,,Mouse,882.5,894.5,,,Fixation,851.0,917.0,,
1671844131.236762,,Eye Tracker,884.0,897.0,Valid,Valid,Fixation,,,,
1671844131.239566,,Mouse,883.6666666666666,898.0,,,Fixation,851.0,928.0,,
1671844131.250558,,Mouse,883.3333333333334,899.0,,,Fixation,851.0,932.0,,
1671844131.253417,,Eye Tracker,883.0,900.0,Valid,Valid,Fixation,,,,
1671844131.26068,,Mouse,882.5,896.5,,,Fixation,851.0,935.0,,
1671844131.270071,,Eye Tracker,882.0,893.0,Valid,Valid,Fixation,,,,
1671844131.279581,,Mouse,883.0,894.0,,,Fixation,851.0,940.0,,
1671844131.286726,,Eye Tracker,884.0,895.0,Valid,Valid,Fixation,,,,
1671844131.29085,,Mouse,881.0,898.5,,,Fixation,852.0,942.0,,
1671844131.303381,,Eye Tracker,878.0,902.0,Valid,Valid,Fixation,,,,
1671844131.309565,,Mouse,878.0,902.6666666666666,,,Fixation,853.0,949.0,,
1671844131.319837,,Mouse,878.0,903.3333333333334,,,Fixation,855.0,956.0,,
1671844131.320035,,Eye Tracker,878.0,904.0,Valid,Valid,Fixation,,,,
1671844131.330621,,Mouse,878.5,904.5,,,Fixation,858.0,965.0,,
1671844131.33669,,Eye Tracker,879.0,905.0,Valid,Valid,Fixation,,,,
1671844131.35065,,Mouse,879.0,906.5,,,Fixation,864.0,980.0,,
1671844131.353345,,Eye Tracker,879.0,908.0,Valid,Valid,Fixation,,,,
1671844131.369596,,Mouse,879.5,907.0,,,Fixation,872.0,997.0,,
1671844131.369999,,Eye Tracker,880.0,906.0,Valid,Valid,Fixation,,,,
1671844131.380677,,Mouse,880.0,905.0,,,Fixation,875.0,1002.0,,
1671844131.386654,,Eye Tracker,880.0,904.0,Valid,Valid,Fixation,,,,
1671844131.399555,,Mouse,886.0,909.5,,,Fixation,880.0,1006.0,,
1671844131.403309,,Eye Tracker,892.0,915.0,Valid,Valid,Fixation,,,,
1671844131.409564,,Mouse,909.5,932.5,,,Fixation,882.0,1008.0,,
1671844131.419964,,Eye Tracker,927.0,950.0,Valid,Valid,Saccade,,,,
1671844131.420581,,Mouse,930.0,954.0,,,Saccade,886.0,1009.0,,
1671844131.430589,,Mouse,933.0,958.0,,,Fixation,888.0,1009.0,,
1671844131.436618,,Eye Tracker,936.0,962.0,Valid,Valid,Fixation,,,,
1671844131.449843,,Mouse,939.0,961.5,,,Fixation,893.0,1010.0,,
1671844131.453273,,Eye Tracker,942.0,961.0,Valid,Valid,Fixation,,,,
1671844131.460777,,Mouse,941.0,961.0,,,Fixation,895.0,1010.0,,
1671844131.469928,,Eye Tracker,940.0,961.0,Valid,Valid,Fixation,,,,
1671844131.480622,,Mouse,937.0,961.5,,,Fixation,902.0,1012.0,,
1671844131.486583,,Eye Tracker,934.0,962.0,Valid,Valid,Fixation,,,,
1671844131.501562,,Mouse,936.0,963.0,,,Fixation,913.0,1013.0,,
1671844131.503238,,Eye Tracker,938.0,964.0,Valid,Valid,Fixation,,,,
1671844131.511627,,Mouse,939.5,962.5,,,Fixation,918.0,1013.0,,
1671844131.519893,,Eye Tracker,941.0,961.0,Valid,Valid,Fixation,,,,
1671844131.521688,,Mouse,941.0,960.5,,,Fixation,924.0,1013.0,,
1671844131.536547,,Eye Tracker,941.0,960.0,Valid,Valid,Fixation,,,,
1671844131.540555,,Mouse,940.6666666666666,960.6666666666666,,,Fixation,938.0,1013.0,,
1671844131.551703,,Mouse,940.3333333333334,961.3333333333334,,,Fixation,946.0,1013.0,,
1671844131.553202,,Eye Tracker,940.0,962.0,Valid,Valid,Fixation,,,,
1671844131.569857,,Eye Tracker,940.0,961.0,Valid,Valid,Fixation,,,,
1671844131.570579,,Mouse,942.3333333333334,961.0,,,Fixation,963.0,1013.0,,
1671844131.580622,,Mouse,944.6666666666666,961.0,,,Fixation,971.0,1013.0,,
1671844131.586511,,Eye Tracker,947.0,961.0,Valid,Valid,Fixation,,,,
1671844131.591593,,Mouse,947.0,961.5,,,Fixation,980.0,1013.0,,
1671844131.603166,,Eye Tracker,947.0,962.0,Valid,Valid,Fixation,,,,
1671844131.610572,,Mouse,950.5,965.5,,,Fixation,992.0,1010.0,,
1671844131.619821,,Eye Tracker,954.0,969.0,Valid,Valid,Fixation,,,,
1671844131.620626,,Mouse,976.6666666666666,963.0,,,Fixation,1000.0,1010.0,,
1671844131.631599,,Mouse,999.3333333333334,957.0,,,Saccade,1008.0,1009.0,,
1671844131.636475,,Eye Tracker,1022.0,951.0,Valid,Valid,Saccade,,,,
1671844131.641683,,Mouse,1065.3333333333333,936.0,,,Saccade,1019.0,1007.0,,
1671844131.651881,,Mouse,1108.6666666666667,921.0,,,Saccade,1031.0,1006.0,,
1671844131.65313,,Eye Tracker,1152.0,906.0,Valid,Valid,Saccade,,,,
1671844131.669785,,Eye Tracker,1211.0,870.0,Valid,Valid,Saccade,,,,
1671844131.672595,,Mouse,1207.5,869.5,,,Saccade,1055.0,1006.0,,
1671844131.68644,,Eye Tracker,1204.0,869.0,Valid,Valid,Fixation,,,,
1671844131.692592,,Mouse,1203.5,872.5,,,Fixation,1083.0,1004.0,,
1671844131.703094,,Eye Tracker,1203.0,876.0,Valid,Valid,Fixation,,,,
1671844131.711725,,Mouse,1202.0,876.5,,,Fixation,1102.0,1004.0,,
1671844131.719749,,Eye Tracker,1201.0,877.0,Valid,Valid,Fixation,,,,
1671844131.722702,,Mouse,1201.0,875.5,,,Fixation,1115.0,1004.0,,
1671844131.736404,,Eye Tracker,1201.0,874.0,Valid,Valid,Fixation,,,,
1671844131.74157,,Mouse,1202.3333333333333,873.3333333333334,,,Fixation,1145.0,1004.0,,
1671844131.751865,,Mouse,1203.6666666666667,872.6666666666666,,,Fixation,1165.0,1004.0,,
1671844131.753058,,Eye Tracker,1205.0,872.0,Valid,Valid,Fixation,,,,
1671844131.762623,,Mouse,1205.0,870.5,,,Fixation,1185.0,1004.0,,
1671844131.769713,,Eye Tracker,1205.0,869.0,Valid,Valid,Fixation,,,,
1671844131.78185,,Mouse,1208.0,869.5,,,Fixation,1209.0,1001.0,,
1671844131.786368,,Eye Tracker,1211.0,870.0,Valid,Valid,Fixation,,,,
1671844131.802563,,Mouse,1212.5,869.5,,,Fixation,1227.0,998.0,,
1671844131.803022,,Eye Tracker,1214.0,869.0,Valid,Valid,Fixation,,,,
1671844131.812579,,Mouse,1214.0,869.0,,,Fixation,1232.0,997.0,,
1671844131.819677,,Eye Tracker,1214.0,869.0,Valid,Valid,Fixation,,,,
1671844131.83156,,Mouse,1213.5,869.0,,,Fixation,1243.0,997.0,,
1671844131.836333,,Eye Tracker,1213.0,869.0,Valid,Valid,Fixation,,,,
1671844131.842867,,Mouse,1213.0,871.5,,,Fixation,1251.0,996.0,,
1671844131.852987,,Eye Tracker,1213.0,874.0,Valid,Valid,Fixation,,,,
1671844131.862554,,Mouse,1211.5,875.5,,,Fixation,1263.0,996.0,,
1671844131.869642,,Eye Tracker,1210.0,877.0,Valid,Valid,Fixation,,,,
1671844131.881693,,Mouse,1211.5,876.5,,,Fixation,1269.0,995.0,,
1671844131.886297,,Eye Tracker,1213.0,876.0,Valid,Valid,Fixation,,,,
1671844131.892561,,Mouse,1215.0,876.5,,,Fixation,1270.0,994.0,,
1671844131.902951,,Eye Tracker,1217.0,877.0,Valid,Valid,Fixation,,,,
1671844131.911554,,Mouse,1221.5,876.5,,,Fixation,1273.0,993.0,,
1671844131.919606,,Eye Tracker,1226.0,876.0,Valid,Valid,Fixation,,,,
1671844131.92167,,Mouse,1239.6666666666667,883.6666666666666,,,Fixation,1275.0,992.0,,
1671844131.932555,,Mouse,1253.3333333333333,891.3333333333334,,,Saccade,1277.0,992.0,,
1671844131.936261,,Eye Tracker,1267.0,899.0,Valid,Valid,Saccade,,,,
1671844131.942575,,Mouse,1291.5,913.0,,,Saccade,1281.0,990.0,,
1671844131.952916,,Eye Tracker,1316.0,927.0,Valid,Valid,Saccade,,,,
1671844131.961607,,Mouse,1315.0,924.0,,,Fixation,1282.0,990.0,,
1671844131.96957,,Eye Tracker,1314.0,921.0,Valid,Valid,Fixation,,,,
1671844131.972623,,Mouse,1312.6666666666667,921.3333333333334,,,Fixation,1283.0,989.0,,
1671844131.982702,,Mouse,1311.3333333333333,921.6666666666666,,,Fixation,1283.0,989.0,,
1671844131.986225,,Eye Tracker,1310.0,922.0,Valid,Valid,Fixation,,,,
1671844132.002558,,Mouse,1311.0,922.0,,,Fixation,1283.0,988.0,,
1671844132.00288,,Eye Tracker,1312.0,922.0,Valid,Valid,Fixation,,,,
1671844132.013623,,Mouse,1315.0,921.5,,,Fixation,1284.0,988.0,,
1671844132.019534,,Eye Tracker,1318.0,921.0,Valid,Valid,Fixation,,,,
1671844132.033562,,Mouse,1317.5,918.5,,,Fixation,1284.0,984.0,,
1671844132.036189,,Eye Tracker,1317.0,916.0,Valid,Valid,Fixation,,,,
1671844132.052671,,Mouse,1318.5,917.5,,,Fixation,1287.0,979.0,,
1671844132.052844,,Eye Tracker,1320.0,919.0,Valid,Valid,Fixation,,,,
1671844132.06356,,Mouse,1319.0,922.0,,,Fixation,1288.0,973.0,,
1671844132.069498,,Eye Tracker,1318.0,925.0,Valid,Valid,Fixation,,,,
1671844132.073582,,Mouse,1317.5,923.0,,,Fixation,1289.0,969.0,,
1671844132.086153,,Eye Tracker,1317.0,921.0,Valid,Valid,Fixation,,,,
1671844132.092626,,Mouse,1316.0,921.0,,,Fixation,1291.0,959.0,,
1671844132.102808,,Eye Tracker,1315.0,921.0,Valid,Valid,Fixation,,,,
1671844132.103848,,Mouse,1313.5,923.0,,,Fixation,1292.0,954.0,,
1671844132.119462,,Eye Tracker,1312.0,925.0,Valid,Valid,Fixation,,,,
1671844132.122554,,Mouse,1312.3333333333333,917.6666666666666,,,Fixation,1295.0,943.0,,
1671844132.132591,,Mouse,1312.6666666666667,910.3333333333334,,,Fixation,1296.0,936.0,,
1671844132.136117,,Eye Tracker,1313.0,903.0,Valid,Valid,Fixation,,,,
1671844132.14355,,Mouse,1311.0,859.0,,,Fixation,1296.0,927.0,,
1671844132.152772,,Eye Tracker,1309.0,815.0,Valid,Valid,Saccade,,,,
1671844132.153637,,Mouse,1312.5,748.5,,,Saccade,1298.0,919.0,,
1671844132.169426,,Eye Tracker,1316.0,682.0,Valid,Valid,Saccade,,,,
1671844132.173645,,Mouse,1317.0,678.0,,,Saccade,1300.0,902.0,,
1671844132.184681,,Mouse,1318.0,674.0,,,Fixation,1301.0,894.0,,
1671844132.186082,,Eye Tracker,1319.0,670.0,Valid,Valid,Fixation,,,,
1671844132.202737,,Eye Tracker,1314.0,666.0,Valid,Valid,Fixation,,,,
1671844132.204632,,Mouse,1315.5,661.0,,,Fixation,1303.0,881.0,,
1671844132.219392,,Eye Tracker,1317.0,656.0,Valid,Valid,Fixation,,,,
1671844132.223608,,Mouse,1317.3333333333333,655.3333333333334,,,Fixation,1305.0,865.0,,
1671844132.234839,,Mouse,1317.6666666666667,654.6666666666666,,,Fixation,1305.0,855.0,,
1671844132.236046,,Eye Tracker,1318.0,654.0,Valid,Valid,Fixation,,,,
1671844132.252701,,Eye Tracker,1314.0,651.0,Valid,Valid,Fixation,,,,
1671844132.253597,,Mouse,1313.3333333333333,652.0,,,Fixation,1305.0,838.0,,
1671844132.263605,,Mouse,1312.6666666666667,653.0,,,Fixation,1305.0,829.0,,
1671844132.269356,,Eye Tracker,1312.0,654.0,Valid,Valid,Fixation,,,,
1671844132.274623,,Mouse,1315.0,656.6666666666666,,,Fixation,1305.0,821.0,,
1671844132.284661,,Mouse,1318.0,659.3333333333334,,,Fixation,1305.0,814.0,,
1671844132.28601,,Eye Tracker,1321.0,662.0,Valid,Valid,Fixation,,,,
1671844132.302665,,Eye Tracker,1325.0,659.0,Valid,Valid,Fixation,,,,
1671844132.30385,,Mouse,1323.3333333333333,658.3333333333334,,,Fixation,1305.0,800.0,,
1671844132.31485,,Mouse,1321.6666666666667,657.6666666666666,,,Fixation,1305.0,793.0,,
1671844132.31932,,Eye Tracker,1320.0,657.0,Valid,Valid,Fixation,,,,
1671844132.333613,,Mouse,1317.0,657.5,,,Fixation,1305.0,777.0,,
1671844132.335974,,Eye Tracker,1314.0,658.0,Valid,Valid,Fixation,,,,
1671844132.352629,,Eye Tracker,1315.0,656.0,Valid,Valid,Fixation,,,,
1671844132.354587,,Mouse,1315.3333333333333,655.0,,,Fixation,1305.0,760.0,,
1671844132.364598,,Mouse,1315.6666666666667,654.0,,,Fixation,1305.0,751.0,,
1671844132.369284,,Eye Tracker,1316.0,653.0,Valid,Valid,Fixation,,,,
1671844132.37463,,Mouse,1315.5,651.0,,,Fixation,1305.0,743.0,,
1671844132.385938,,Eye Tracker,1315.0,649.0,Valid,Valid,Fixation,,,,
1671844132.393616,,Mouse,1317.0,650.5,,,Fixation,1305.0,726.0,,
1671844132.402593,,Eye Tracker,1319.0,652.0,Valid,Valid,Fixation,,,,
1671844132.40462,,Mouse,1316.6666666666667,654.0,,,Fixation,1305.0,718.0,,
1671844132.414849,,Mouse,1314.3333333333333,656.0,,,Fixation,1305.0,710.0,,
1671844132.419248,,Eye Tracker,1312.0,658.0,Valid,Valid,Fixation,,,,
1671844132.433565,,Mouse,1310.5,658.5,,,Fixation,1305.0,692.0,,
1671844132.435902,,Eye Tracker,1309.0,659.0,Valid,Valid,Fixation,,,,
1671844132.44461,,Mouse,1308.0,662.0,,,Fixation,1305.0,682.0,,
1671844132.452557,,Eye Tracker,1307.0,665.0,Valid,Valid,Fixation,,,,
1671844132.454622,,Mouse,1320.0,642.5,,,Fixation,1305.0,669.0,,
1671844132.469212,,Eye Tracker,1333.0,620.0,Valid,Valid,Saccade,,,,
1671844132.473576,,Mouse,1347.0,591.6666666666666,,,Saccade,1305.0,641.0,,
1671844132.484638,,Mouse,1361.0,563.3333333333334,,,Saccade,1305.0,623.0,,
1671844132.485867,,Eye Tracker,1375.0,535.0,Valid,Valid,Saccade,,,,
1671844132.502521,,Eye Tracker,1379.0,513.0,Valid,Valid,Fixation,,,,
1671844132.504587,,Mouse,1379.6666666666667,516.0,,,Fixation,1305.0,595.0,,
1671844132.514839,,Mouse,1380.3333333333333,519.0,,,Fixation,1305.0,584.0,,
1671844132.519176,,Eye Tracker,1381.0,522.0,Valid,Valid,Fixation,,,,
1671844132.525586,,Mouse,1380.5,525.5,,,Fixation,1305.0,574.0,,
1671844132.535832,,Eye Tracker,1380.0,529.0,Valid,Valid,Fixation,,,,
1671844132.545676,,Mouse,1376.5,525.5,,,Fixation,1305.0,557.0,,
1671844132.552486,,Eye Tracker,1373.0,522.0,Valid,Valid,Fixation,,,,
1671844132.564562,,Mouse,1370.5,518.5,,,Fixation,1305.0,548.0,,
1671844132.569141,,Eye Tracker,1368.0,515.0,Valid,Valid,Fixation,,,,
1671844132.575696,,Mouse,1371.5,531.0,,,Fixation,1306.0,545.0,,
1671844132.585796,,Eye Tracker,1375.0,547.0,Valid,Valid,Saccade,,,,
1671844132.594554,,Mouse,1378.0,549.0,,,Unclassified,1307.0,542.0,,
1671844132.60245,,Eye Tracker,1381.0,551.0,Valid,Valid,Unclassified,,,,
1671844132.604577,,Mouse,1376.3333333333333,541.0,,,Unclassified,1307.0,539.0,,
1671844132.615678,,Mouse,1371.6666666666667,531.0,,,Saccade,1308.0,538.0,,
1671844132.619105,,Eye Tracker,1367.0,521.0,Valid,Valid,Saccade,,,,
1671844132.634616,,Mouse,1367.0,519.0,,,Fixation,1311.0,530.0,,
1671844132.63576,,Eye Tracker,1367.0,517.0,Valid,Valid,Fixation,,,,
1671844132.644658,,Mouse,1368.5,516.5,,,Fixation,1313.0,525.0,,
1671844132.652414,,Eye Tracker,1370.0,516.0,Valid,Valid,Fixation,,,,
1671844132.655549,,Mouse,1369.3333333333333,516.6666666666666,,,Fixation,1314.0,523.0,,
1671844132.665596,,Mouse,1368.6666666666667,517.3333333333334,,,Fixation,1317.0,519.0,,
1671844132.669069,,Eye Tracker,1368.0,518.0,Valid,Valid,Fixation,,,,
1671844132.6756,,Mouse,1367.3333333333333,518.0,,,Fixation,1319.0,516.0,,
1671844132.685618,,Mouse,1366.6666666666667,518.0,,,Fixation,1323.0,511.0,,
1671844132.685724,,Eye Tracker,1366.0,518.0,Valid,Valid,Fixation,,,,
1671844132.696561,,Mouse,1365.5,518.5,,,Fixation,1329.0,507.0,,
1671844132.702378,,Eye Tracker,1365.0,519.0,Valid,Valid,Fixation,,,,
1671844132.706576,,Mouse,1366.0,518.0,,,Fixation,1338.0,500.0,,
1671844132.716615,,Mouse,1367.0,517.0,,,Fixation,1344.0,497.0,,
1671844132.719033,,Eye Tracker,1368.0,516.0,Valid,Valid,Fixation,,,,
1671844132.735688,,Eye Tracker,1366.0,523.0,Valid,Valid,Fixation,,,,
1671844132.736679,,Mouse,1365.0,522.5,,,Fixation,1361.0,490.0,,
1671844132.752343,,Eye Tracker,1364.0,522.0,Valid,Valid,Fixation,,,,
1671844132.75661,,Mouse,1368.0,519.5,,,Fixation,1386.0,484.0,,
1671844132.768997,,Eye Tracker,1372.0,517.0,Valid,Valid,Fixation,,,,
1671844132.775578,,Mouse,1374.5,517.0,,,Fixation,1421.0,480.0,,
1671844132.785652,,Eye Tracker,1377.0,517.0,Valid,Valid,Fixation,,,,
1671844132.786624,,Mouse,1388.5,513.0,,,Fixation,1440.0,476.0,,
1671844132.802307,,Eye Tracker,1400.0,509.0,Valid,Valid,Saccade,,,,
1671844132.805549,,Mouse,1413.6666666666667,512.0,,,Saccade,1479.0,470.0,,
1671844132.815555,,Mouse,1427.3333333333333,515.0,,,Saccade,1498.0,467.0,,
1671844132.818961,,Eye Tracker,1441.0,518.0,Valid,Valid,Saccade,,,,
1671844132.826562,,Mouse,1502.5,482.5,,,Saccade,1517.0,463.0,,
1671844132.835616,,Eye Tracker,1564.0,447.0,Valid,Valid,Saccade,,,,
1671844132.836688,,Mouse,1561.5,437.5,,,Saccade,1527.0,462.0,,
1671844132.852271,,Eye Tracker,1559.0,428.0,Valid,Valid,Fixation,,,,
1671844132.855619,,Mouse,1560.0,427.3333333333333,,,Fixation,1546.0,459.0,,
1671844132.866569,,Mouse,1561.0,426.6666666666667,,,Fixation,1554.0,458.0,,
1671844132.868925,,Eye Tracker,1562.0,426.0,Valid,Valid,Fixation,,,,
1671844132.87673,,Mouse,1560.5,429.0,,,Fixation,1561.0,457.0,,
1671844132.88558,,Eye Tracker,1559.0,432.0,Valid,Valid,Fixation,,,,
1671844132.886826,,Mouse,1560.5,430.0,,,Fixation,1569.0,455.0,,
1671844132.902236,,Eye Tracker,1562.0,428.0,Valid,Valid,Fixation,,,,
1671844132.905835,,Mouse,1563.6666666666667,429.0,,,Fixation,1580.0,454.0,,
1671844132.91652,,Mouse,1565.3333333333333,430.0,,,Fixation,1585.0,453.0,,
1671844132.91889,,Eye Tracker,1567.0,431.0,Valid,Valid,Fixation,,,,
1671844132.92659,,Mouse,1568.5,429.5,,,Fixation,1592.0,451.0,,
1671844132.935545,,Eye Tracker,1570.0,428.0,Valid,Valid,Fixation,,,,
1671844132.945615,,Mouse,1573.5,423.0,,,Fixation,1605.0,451.0,,
1671844132.9522,,Eye Tracker,1577.0,418.0,Valid,Valid,Fixation,,,,
1671844132.95657,,Mouse,1576.3333333333333,419.3333333333333,,,Fixation,1614.0,451.0,,
1671844132.966807,,Mouse,1575.6666666666667,420.6666666666667,,,Fixation,1623.0,449.0,,
1671844132.968854,,Eye Tracker,1575.0,422.0,Valid,Valid,Fixation,,,,
1671844132.985509,,Eye Tracker,1572.0,423.0,Valid,Valid,Fixation,,,,
1671844132.985526,,Mouse,1571.0,423.3333333333333,,,Fixation,1644.0,449.0,,
1671844132.996607,,Mouse,1570.0,423.6666666666667,,,Fixation,1654.0,449.0,,
1671844133.002164,,Eye Tracker,1569.0,424.0,Valid,Valid,Fixation,,,,
1671844133.006611,,Mouse,1594.0,429.0,,,Fixation,1662.0,449.0,,
1671844133.018819,,Eye Tracker,1619.0,434.0,Valid,Valid,Saccade,,,,
1671844133.026557,,Mouse,1667.5,415.0,,,Saccade,1673.0,449.0,,
1671844133.035473,,Eye Tracker,1716.0,396.0,Valid,Valid,Saccade,,,,
1671844133.037551,,Mouse,1731.3333333333333,390.0,,,Saccade,1678.0,449.0,,
1671844133.047627,,Mouse,1746.6666666666667,384.0,,,Saccade,1681.0,449.0,,
1671844133.052128,,Eye Tracker,1762.0,378.0,Valid,Valid,Saccade,,,,
1671844133.066604,,Mouse,1765.0,381.0,,,Fixation,1693.0,449.0,,
1671844133.068783,,Eye Tracker,1768.0,384.0,Valid,Valid,Fixation,,,,
1671844133.077829,,Mouse,1769.5,383.5,,,Fixation,1701.0,449.0,,
1671844133.085437,,Eye Tracker,1771.0,383.0,Valid,Valid,Fixation,,,,
1671844133.097626,,Mouse,1769.5,383.5,,,Fixation,1718.0,449.0,,
1671844133.102092,,Eye Tracker,1768.0,384.0,Valid,Valid,Fixation,,,,
1671844133.116612,,Mouse,1769.5,383.5,,,Fixation,1729.0,449.0,,
1671844133.118747,,Eye Tracker,1771.0,383.0,Valid,Valid,Fixation,,,,
1671844133.12757,,Mouse,1775.0,384.0,,,Fixation,1731.0,449.0,,
1671844133.135401,,Eye Tracker,1779.0,385.0,Valid,Valid,Fixation,,,,
1671844133.137591,,Mouse,1778.5,384.5,,,Fixation,1732.0,449.0,,
1671844133.152056,,Eye Tracker,1778.0,384.0,Valid,Valid,Fixation,,,,
1671844133.156557,,Mouse,1777.3333333333333,383.3333333333333,,,Fixation,1736.0,448.0,,
1671844133.167851,,Mouse,1776.6666666666667,382.6666666666667,,,Fixation,1739.0,448.0,,
1671844133.168711,,Eye Tracker,1776.0,382.0,Valid,Valid,Fixation,,,,
1671844133.185365,,Eye Tracker,1779.0,381.0,Valid,Valid,Fixation,,,,
1671844133.187583,,Mouse,1783.5,379.0,,,Fixation,1749.0,447.0,,
1671844133.20202,,Eye Tracker,1788.0,377.0,Valid,Valid,Fixation,,,,
1671844133.208726,,Mouse,1791.5,376.5,,,Fixation,1762.0,443.0,,
1671844133.218675,,Eye Tracker,1795.0,376.0,Valid,Valid,Fixation,,,,
1671844133.228763,,Mouse,1794.5,374.5,,,Fixation,1778.0,438.0,,
1671844133.235329,,Eye Tracker,1794.0,373.0,Valid,Valid,Fixation,,,,
1671844133.248573,,Mouse,1796.5,371.0,,,Fixation,1790.0,433.0,,
1671844133.251985,,Eye Tracker,1799.0,369.0,Valid,Valid,Fixation,,,,
1671844133.268612,,Mouse,1803.5,367.0,,,Fixation,1803.0,428.0,,
1671844133.26864,,Eye Tracker,1808.0,365.0,Valid,Valid,Fixation,,,,
1671844133.285295,,Eye Tracker,1809.0,366.0,Valid,Valid,Fixation,,,,
1671844133.28757,,Mouse,1808.6666666666667,365.6666666666667,,,Fixation,1812.0,425.0,,
1671844133.298684,,Mouse,1808.3333333333333,365.3333333333333,,,Fixation,1816.0,422.0,,
1671844133.301949,,Eye Tracker,1808.0,365.0,Valid,Valid,Fixation,,,,
1671844133.317584,,Mouse,1811.5,362.5,,,Fixation,1821.0,421.0,,
1671844133.318604,,Eye Tracker,1815.0,360.0,Valid,Valid,Fixation,,,,
1671844133.335259,,Eye Tracker,1816.0,359.0,Valid,Valid,Fixation,,,,
1671844133.338728,,Mouse,1815.5,359.0,,,Fixation,1824.0,419.0,,
1671844133.351913,,Eye Tracker,1815.0,359.0,Valid,Valid,Fixation,,,,
1671844133.357588,,Mouse,1825.5,340.0,,,Fixation,1826.0,416.0,,
1671844133.368568,,Eye Tracker,1836.0,321.0,Valid,Valid,Saccade,,,,
1671844133.378611,,Mouse,1853.5,267.0,,,Saccade,1827.0,415.0,,
1671844133.385223,,Eye Tracker,1871.0,213.0,Valid,Valid,Saccade,,,,
1671844133.398849,,Mouse,1867.5,198.5,,,Fixation,1828.0,411.0,,
1671844133.401877,,Eye Tracker,1864.0,184.0,Valid,Valid,Fixation,,,,
1671844133.418532,,Eye Tracker,1862.0,198.0,Valid,Valid,Fixation,,,,
1671844133.4186,,Mouse,1860.6666666666667,198.33333333333334,,,Fixation,1829.0,405.0,,
1671844133.428747,,Mouse,1859.3333333333333,198.66666666666666,,,Fixation,1829.0,400.0,,
1671844133.435187,,Eye Tracker,1858.0,199.0,Valid,Valid,Fixation,,,,
1671844133.438821,,Mouse,1857.0,200.5,,,Fixation,1831.0,392.0,,
1671844133.451841,,Eye Tracker,1856.0,202.0,Valid,Valid,Fixation,,,,
1671844133.458523,,Mouse,1859.5,204.5,,,Fixation,1831.0,376.0,,
1671844133.468496,,Eye Tracker,1863.0,207.0,Valid,Valid,Fixation,,,,
1671844133.468573,,Mouse,1862.0,207.0,,,Fixation,1831.0,366.0,,
1671844133.485151,,Eye Tracker,1861.0,207.0,Valid,Valid,Fixation,,,,
1671844133.48754,,Mouse,1861.6666666666667,206.33333333333334,,,Fixation,1831.0,347.0,,
1671844133.49786,,Mouse,1862.3333333333333,205.66666666666666,,,Fixation,1831.0,336.0,,
1671844133.501805,,Eye Tracker,1863.0,205.0,Valid,Valid,Fixation,,,,
1671844133.508795,,Mouse,1863.5,202.5,,,Fixation,1831.0,323.0,,
1671844133.51846,,Eye Tracker,1864.0,200.0,Valid,Valid,Fixation,,,,
1671844133.528792,,Mouse,1861.5,199.0,,,Fixation,1829.0,287.0,,
1671844133.535115,,Eye Tracker,1859.0,198.0,Valid,Valid,Fixation,,,,
1671844133.549584,,Mouse,1865.0,199.0,,,Fixation,1823.0,245.0,,
1671844133.55177,,Eye Tracker,1871.0,200.0,Valid,Valid,Fixation,,,,
1671844133.559841,,Mouse,1870.5,205.0,,,Fixation,1820.0,226.0,,
1671844133.568424,,Eye Tracker,1870.0,210.0,Valid,Valid,Fixation,,,,
1671844133.578555,,Mouse,1862.5,209.5,,,Fixation,1817.0,196.0,,
1671844133.585079,,Eye Tracker,1855.0,209.0,Valid,Valid,Fixation,,,,
1671844133.589569,,Mouse,1856.0,209.0,,,Fixation,1814.0,183.0,,
1671844133.599823,,Mouse,1857.0,209.0,,,Fixation,1813.0,173.0,,
1671844133.601735,,Eye Tracker,1858.0,209.0,Valid,Valid,Fixation,,,,
1671844133.618389,,Eye Tracker,1851.0,172.0,Valid,Valid,Saccade,,,,
1671844133.618549,,Mouse,1850.3333333333333,141.66666666666666,,,Saccade,1809.0,152.0,,
1671844133.629665,,Mouse,1849.6666666666667,111.33333333333334,,,Saccade,1808.0,141.0,,
1671844133.635044,,Eye Tracker,1849.0,81.0,Valid,Valid,Saccade,,,,
1671844133.639673,,Mouse,1857.0,52.0,,,Saccade,1807.0,134.0,,
1671844133.651699,,Eye Tracker,1865.0,23.0,Valid,Valid,Saccade,,,,
1671844133.658555,,Mouse,1865.5,21.5,,,Saccade,1804.0,116.0,,
1671844133.668353,,Eye Tracker,1866.0,20.0,Valid,Valid,Fixation,,,,
1671844133.668845,,Mouse,1861.3333333333333,17.666666666666668,,,Fixation,1803.0,109.0,,
1671844133.679572,,Mouse,1856.6666666666667,15.333333333333332,,,Fixation,1801.0,99.0,,
1671844133.685008,,Eye Tracker,1852.0,13.0,Valid,Valid,Fixation,,,,
1671844133.689822,,Mouse,1853.5,9.0,,,Fixation,1799.0,89.0,,
1671844133.701663,,Eye Tracker,1855.0,5.0,Valid,Valid,Fixation,,,,
1671844133.709586,,Mouse,1855.0,3.5,,,Fixation,1794.0,72.0,,
1671844133.718317,,Eye Tracker,1855.0,2.0,Valid,Valid,Fixation,,,,
1671844133.720583,,Mouse,1855.3333333333333,1.6666666666666667,,,Fixation,1792.0,65.0,,
1671844133.730594,,Mouse,1855.6666666666667,1.3333333333333335,,,Fixation,1790.0,62.0,,
1671844133.734972,,Eye Tracker,1856.0,1.0,Valid,Valid,Fixation,,,,
1671844133.749588,,Mouse,1855.5,-1.5,,,Fixation,1788.0,59.0,,
1671844133.751627,,Eye Tracker,1855.0,-4.0,Valid,Valid,Fixation,,,,
1671844133.768281,,Eye Tracker,1854.0,-10.0,Valid,Valid,Fixation,,,,
1671844133.784936,,Eye Tracker,1856.0,-13.0,Valid,Valid,Fixation,,,,
1671844133.789539,,Mouse,1855.6666666666667,-12.333333333333334,,,Fixation,1788.0,59.0,,
1671844133.800826,,Mouse,1855.3333333333333,-11.666666666666666,,,Fixation,1786.0,59.0,,
1671844133.801591,,Eye Tracker,1855.0,-11.0,Valid,Valid,Fixation,,,,
1671844133.818246,,Eye Tracker,1855.0,-9.0,Valid,Valid,Fixation,,,,
1671844133.82055,,Mouse,1853.0,-12.0,,,Fixation,1776.0,56.0,,
1671844133.8349,,Eye Tracker,1851.0,-15.0,Valid,Valid,Fixation,,,,
1671844133.83955,,Mouse,1847.6666666666667,-16.666666666666668,,,Fixation,1766.0,56.0,,
1671844133.850551,,Mouse,1844.3333333333333,-18.333333333333332,,,Fixation,1761.0,56.0,,
1671844133.851555,,Eye Tracker,1841.0,-20.0,Valid,Valid,Fixation,,,,
1671844133.860611,,Mouse,1714.5,-21.5,,,Saccade,1756.0,56.0,,
1671844133.86821,,Eye Tracker,1588.0,-23.0,Invalid,Valid,Saccade,,,,
1671844133.879551,,Mouse,1506.0,-35.0,,,Saccade,1744.0,56.0,,
1671844133.884864,,Eye Tracker,1424.0,-47.0,Valid,Valid,Saccade,,,,
1671844133.890572,,Mouse,1424.6666666666667,-45.0,,,Saccade,1739.0,55.0,,
1671844133.900644,,Mouse,1425.3333333333333,-43.0,,,Fixation,1733.0,55.0,,
1671844133.901519,,Eye Tracker,1426.0,-41.0,Valid,Valid,Fixation,,,,
1671844133.918174,,Eye Tracker,1423.0,-40.0,Valid,Valid,Fixation,,,,
1671844133.919587,,Mouse,1421.0,-39.666666666666664,,,Fixation,1719.0,55.0,,
1671844133.930686,,Mouse,1419.0,-39.333333333333336,,,Fixation,1711.0,55.0,,
1671844133.934828,,Eye Tracker,1417.0,-39.0,Valid,Valid,Fixation,,,,
1671844133.950555,,Mouse,1415.5,-35.0,,,Fixation,1699.0,55.0,,
1671844133.951484,,Eye Tracker,1414.0,-31.0,Valid,Valid,Fixation,,,,
1671844133.968139,,Eye Tracker,1416.0,-26.0,Valid,Valid,Fixation,,,,
1671844133.970595,,Mouse,1415.3333333333333,-25.333333333333332,,,Fixation,1688.0,55.0,,
1671844133.980604,,Mouse,1414.6666666666667,-24.666666666666668,,,Fixation,1679.0,55.0,,
1671844133.984793,,Eye Tracker,1414.0,-24.0,Valid,Valid,Fixation,,,,
1671844133.999996,,Mouse,1412.5,-23.0,,,Fixation,1655.0,55.0,,
1671844134.001448,,Eye Tracker,1411.0,-22.0,Valid,Valid,Fixation,,,,
1671844134.018103,,Eye Tracker,1405.0,-19.0,Valid,Valid,Fixation,,,,
1671844134.020573,,Mouse,1404.3333333333333,-17.0,,,Fixation,1616.0,55.0,,
1671844134.030858,,Mouse,1403.6666666666667,-15.0,,,Fixation,1592.0,55.0,,
1671844134.034757,,Eye Tracker,1403.0,-13.0,Valid,Valid,Fixation,,,,
1671844134.050554,,Mouse,1402.0,-8.0,,,Fixation,1531.0,55.0,,
1671844134.051412,,Eye Tracker,1401.0,-3.0,Valid,Valid,Fixation,,,,
1671844134.061837,,Mouse,1401.5,-3.0,,,Fixation,1490.0,55.0,,
1671844134.068067,,Eye Tracker,1402.0,-3.0,Valid,Valid,Fixation,,,,
1671844134.081557,,Mouse,1399.5,-4.5,,,Fixation,1442.0,55.0,,
1671844134.084722,,Eye Tracker,1397.0,-6.0,Valid,Valid,Fixation,,,,
1671844134.101376,,Eye Tracker,1398.0,0.0,Valid,Valid,Fixation,,,,
1671844134.101553,,Mouse,1398.0,-0.3333333333333333,,,Fixation,1416.0,57.0,,
1671844134.11156,,Mouse,1398.0,-0.6666666666666666,,,Fixation,1406.0,58.0,,
1671844134.118031,,Eye Tracker,1398.0,-1.0,Valid,Valid,Fixation,,,,
1671844134.121581,,Mouse,1397.0,-3.5,,,Fixation,1393.0,60.0,,
1671844134.134686,,Eye Tracker,1396.0,-6.0,Valid,Valid,Fixation,,,,
1671844134.141582,,Mouse,1394.0,-5.0,,,Fixation,1359.0,61.0,,
1671844134.15134,,Eye Tracker,1392.0,-4.0,Valid,Valid,Fixation,,,,
1671844134.151617,,Mouse,1391.3333333333333,-2.666666666666667,,,Fixation,1332.0,64.0,,
1671844134.161846,,Mouse,1390.6666666666667,-1.3333333333333335,,,Fixation,1309.0,67.0,,
1671844134.167995,,Eye Tracker,1390.0,0.0,Valid,Valid,Fixation,,,,
1671844134.180554,,Mouse,1388.5,0.0,,,Fixation,1273.0,78.0,,
1671844134.18465,,Eye Tracker,1387.0,0.0,Valid,Valid,Fixation,,,,
1671844134.191608,,Mouse,1388.0,2.0,,,Fixation,1263.0,80.0,,
1671844134.201304,,Eye Tracker,1389.0,4.0,Valid,Valid,Fixation,,,,
1671844134.211582,,Mouse,1387.5,9.0,,,Fixation,1245.0,83.0,,
1671844134.217959,,Eye Tracker,1386.0,14.0,Valid,Valid,Fixation,,,,
1671844134.232893,,Mouse,1385.0,12.0,,,Fixation,1237.0,85.0,,
1671844134.234614,,Eye Tracker,1384.0,10.0,Valid,Valid,Fixation,,,,
1671844134.251268,,Eye Tracker,1382.0,3.0,Valid,Valid,Fixation,,,,
1671844134.267923,,Eye Tracker,1380.0,4.0,Valid,Valid,Fixation,,,,
1671844134.284578,,Eye Tracker,1319.0,14.0,Valid,Valid,Saccade,,,,
1671844134.301233,,Eye Tracker,1291.0,15.0,Valid,Valid,Fixation,,,,
1671844134.317888,,Eye Tracker,1301.0,24.0,Valid,Valid,Fixation,,,,
1671844134.334543,,Eye Tracker,1299.0,33.0,Valid,Valid,Fixation,,,,
1671844134.351198,,Eye Tracker,1297.0,34.0,Valid,Valid,Fixation,,,,
1671844134.367852,,Eye Tracker,1297.0,30.0,Valid,Valid,Fixation,,,,
1671844134.372984,MouseEvent,,1297.0,30.666666666666668,,,Fixation,,,MouseEvent,"Up, Left"
1671844134.372984,,Mouse,1297.0,31.333333333333332,,,Fixation,1237.0,85.0,,
1671844134.384507,,Eye Tracker,1297.0,32.0,Valid,Valid,Fixation,,,,
1671844134.401162,,Eye Tracker,1296.0,23.0,Valid,Valid,Fixation,,,,
1671844134.417816,,Eye Tracker,1301.0,21.0,Valid,Valid,Fixation,,,,
1671844134.434471,,Eye Tracker,1300.0,25.0,Valid,Valid,Fixation,,,,
1671844134.451126,,Eye Tracker,1305.0,29.0,Valid,Valid,Fixation,,,,
1671844134.46778,,Eye Tracker,1305.0,31.0,Valid,Valid,Fixation,,,,
1671844134.482597,,Mouse,1301.0,29.0,,,Fixation,1237.0,85.0,,
1671844134.484435,,Eye Tracker,1297.0,27.0,Valid,Valid,Fixation,,,,
1671844134.50109,,Eye Tracker,1298.0,18.0,Valid,Valid,Fixation,,,,
1671844134.517744,,Eye Tracker,1295.0,6.0,Valid,Valid,Fixation,,,,
1671844134.532642,,Mouse,1290.5,14.5,,,Fixation,1241.0,85.0,,
1671844134.534399,,Eye Tracker,1286.0,23.0,Valid,Valid,Fixation,,,,
1671844134.551054,,Eye Tracker,1342.0,67.0,Valid,Invalid,Saccade,,,,
1671844134.552786,,Mouse,1307.909090909091,123.36363636363637,,,Saccade,1256.0,94.0,,
1671844134.567708,,Eye Tracker,1273.8181818181818,179.72727272727275,Invalid,Invalid,EyesNotFound,,,,
1671844134.573587,,Mouse,1239.7272727272727,236.0909090909091,,,EyesNotFound,1260.0,103.0,,
1671844134.583627,,Mouse,1205.6363636363635,292.4545454545455,,,EyesNotFound,1261.0,105.0,,
1671844134.584363,,Eye Tracker,1171.5454545454545,348.8181818181818,Invalid,Invalid,EyesNotFound,,,,
1671844134.601018,,Eye Tracker,1137.4545454545455,405.1818181818182,Invalid,Invalid,EyesNotFound,,,,
1671844134.602544,,Mouse,1103.3636363636363,461.54545454545456,,,EyesNotFound,1270.0,108.0,,
1671844134.613545,,Mouse,1069.2727272727273,517.909090909091,,,EyesNotFound,1271.0,109.0,,
1671844134.617673,,Eye Tracker,1035.181818181818,574.2727272727273,Invalid,Invalid,EyesNotFound,,,,
1671844134.634327,,Eye Tracker,1001.090909090909,630.6363636363636,Invalid,Invalid,EyesNotFound,,,,
1671844134.650982,,Eye Tracker,967.0,687.0,Valid,Valid,Unclassified,,,,
1671844134.667638,,Eye Tracker,967.0,687.0,Valid,Valid,Unclassified,,,,
1671844134.684292,,Eye Tracker,1111.0,270.0,Valid,Valid,Saccade,,,,
1671844134.700947,,Eye Tracker,1105.0,273.0,Valid,Valid,Fixation,,,,
1671844134.717602,,Eye Tracker,1114.0,253.0,Valid,Valid,Fixation,,,,
1671844134.734256,,Eye Tracker,1124.0,241.0,Valid,Valid,Fixation,,,,
1671844134.750911,,Eye Tracker,1116.0,246.0,Valid,Valid,Fixation,,,,
1671844134.767566,,Eye Tracker,1118.0,238.0,Valid,Valid,Fixation,,,,
